crop_id,crop_file_sha256,crop_pixel_sha256,landmark_id,pass_number,operator,segment_id,sequence_index,x_px,y_px,local_stroke_width_px,source_feature,operator_note,timestamp_utc
AOG_P07_SPHERICAL_PROJECTION,ef8b7d652edea5227166e54ca1bf6e81a4c02afd0d78c9d793e615a2db6906f6,afb1df2172f081fa426f2f86c56912079116f6441ba64df367861d00375fddc4,AOG-LM-P07-SPIRAL-SPHERICAL,1,Salah-Eddin Gherbi,S01,0,1224.82924227,691.635809798,14,thick reciprocal-spiral projection in the spherical panel,First innermost spiral arc started near the central node; stopped before dashed back-hemisphere of y = 0,2026-08-04T07:31:51Z
AOG_P07_SPHERICAL_PROJECTION,ef8b7d652edea5227166e54ca1bf6e81a4c02afd0d78c9d793e615a2db6906f6,afb1df2172f081fa426f2f86c56912079116f6441ba64df367861d00375fddc4,AOG-LM-P07-SPIRAL-SPHERICAL,1,Salah-Eddin Gherbi,S01,1,1225.3091718,688.276303108,14,thick reciprocal-spiral projection in the spherical panel,First innermost spiral arc started near the central node; stopped before dashed back-hemisphere of y = 0,2026-08-04T07:31:51Z
AOG_P07_SPHERICAL_PROJECTION,ef8b7d652edea5227166e54ca1bf6e81a4c02afd0d78c9d793e615a2db6906f6,afb1df2172f081fa426f2f86c56912079116f6441ba64df367861d00375fddc4,AOG-LM-P07-SPIRAL-SPHERICAL,1,Salah-Eddin Gherbi,S01,2,1225.88508723,685.204754134,14,thick reciprocal-spiral projection in the spherical panel,First innermost spiral arc started near the central node; stopped before dashed back-hemisphere of y = 0,2026-08-04T07:31:51Z
AOG_P07_SPHERICAL_PROJECTION,ef8b7d652edea5227166e54ca1bf6e81a4c02afd0d78c9d793e615a2db6906f6,afb1df2172f081fa426f2f86c56912079116f6441ba64df367861d00375fddc4,AOG-LM-P07-SPIRAL-SPHERICAL,1,Salah-Eddin Gherbi,S01,3,1226.74896038,682.517148782,14,thick reciprocal-spiral projection in the spherical panel,First innermost spiral arc started near the central node; stopped before dashed back-hemisphere of y = 0,2026-08-04T07:31:51Z
AOG_P07_SPHERICAL_PROJECTION,ef8b7d652edea5227166e54ca1bf6e81a4c02afd0d78c9d793e615a2db6906f6,afb1df2172f081fa426f2f86c56912079116f6441ba64df367861d00375fddc4,AOG-LM-P07-SPIRAL-SPHERICAL,1,Salah-Eddin Gherbi,S01,4,1227.80480534,680.405458862,14,thick reciprocal-spiral projection in the spherical panel,First innermost spiral arc started near the central node; stopped before dashed back-hemisphere of y = 0,2026-08-04T07:31:51Z
AOG_P07_SPHERICAL_PROJECTION,ef8b7d652edea5227166e54ca1bf6e81a4c02afd0d78c9d793e615a2db6906f6,afb1df2172f081fa426f2f86c56912079116f6441ba64df367861d00375fddc4,AOG-LM-P07-SPIRAL-SPHERICAL,1,Salah-Eddin Gherbi,S01,5,1229.05262211,678.197783038,14,thick reciprocal-spiral projection in the spherical panel,First innermost spiral arc started near the central node; stopped before dashed back-hemisphere of y = 0,2026-08-04T07:31:51Z
AOG_P07_SPHERICAL_PROJECTION,ef8b7d652edea5227166e54ca1bf6e81a4c02afd0d78c9d793e615a2db6906f6,afb1df2172f081fa426f2f86c56912079116f6441ba64df367861d00375fddc4,AOG-LM-P07-SPIRAL-SPHERICAL,1,Salah-Eddin Gherbi,S01,6,1230.78036841,676.278064929,14,thick reciprocal-spiral projection in the spherical panel,First innermost spiral arc started near the central node; stopped before dashed back-hemisphere of y = 0,2026-08-04T07:31:51Z
AOG_P07_SPHERICAL_PROJECTION,ef8b7d652edea5227166e54ca1bf6e81a4c02afd0d78c9d793e615a2db6906f6,afb1df2172f081fa426f2f86c56912079116f6441ba64df367861d00375fddc4,AOG-LM-P07-SPIRAL-SPHERICAL,1,Salah-Eddin Gherbi,S01,7,1232.22015699,674.166375009,14,thick reciprocal-spiral projection in the spherical panel,First innermost spiral arc started near the central node; stopped before dashed back-hemisphere of y = 0,2026-08-04T07:31:51Z
AOG_P07_SPHERICAL_PROJECTION,ef8b7d652edea5227166e54ca1bf6e81a4c02afd0d78c9d793e615a2db6906f6,afb1df2172f081fa426f2f86c56912079116f6441ba64df367861d00375fddc4,AOG-LM-P07-SPIRAL-SPHERICAL,1,Salah-Eddin Gherbi,S01,8,1233.37198786,672.630600523,14,thick reciprocal-spiral projection in the spherical panel,First innermost spiral arc started near the central node; stopped before dashed back-hemisphere of y = 0,2026-08-04T07:31:51Z
AOG_P07_SPHERICAL_PROJECTION,ef8b7d652edea5227166e54ca1bf6e81a4c02afd0d78c9d793e615a2db6906f6,afb1df2172f081fa426f2f86c56912079116f6441ba64df367861d00375fddc4,AOG-LM-P07-SPIRAL-SPHERICAL,1,Salah-Eddin Gherbi,S01,9,1234.90776234,671.286797847,14,thick reciprocal-spiral projection in the spherical panel,First innermost spiral arc started near the central node; stopped before dashed back-hemisphere of y = 0,2026-08-04T07:31:51Z
AOG_P07_SPHERICAL_PROJECTION,ef8b7d652edea5227166e54ca1bf6e81a4c02afd0d78c9d793e615a2db6906f6,afb1df2172f081fa426f2f86c56912079116f6441ba64df367861d00375fddc4,AOG-LM-P07-SPIRAL-SPHERICAL,1,Salah-Eddin Gherbi,S02,0,1237.05143302,670.018605886,14,thick reciprocal-spiral projection in the spherical panel,Second innermost spiral arc started near dashed back-hemisphere of y = 0; stopped before Great Circle projection of y-axis,2026-08-04T07:34:38Z
AOG_P07_SPHERICAL_PROJECTION,ef8b7d652edea5227166e54ca1bf6e81a4c02afd0d78c9d793e615a2db6906f6,afb1df2172f081fa426f2f86c56912079116f6441ba64df367861d00375fddc4,AOG-LM-P07-SPIRAL-SPHERICAL,1,Salah-Eddin Gherbi,S02,1,1239.3092833,669.036931853,14,thick reciprocal-spiral projection in the spherical panel,Second innermost spiral arc started near dashed back-hemisphere of y = 0; stopped before Great Circle projection of y-axis,2026-08-04T07:34:38Z
AOG_P07_SPHERICAL_PROJECTION,ef8b7d652edea5227166e54ca1bf6e81a4c02afd0d78c9d793e615a2db6906f6,afb1df2172f081fa426f2f86c56912079116f6441ba64df367861d00375fddc4,AOG-LM-P07-SPIRAL-SPHERICAL,1,Salah-Eddin Gherbi,S02,2,1241.66530098,668.05525782,14,thick reciprocal-spiral projection in the spherical panel,Second innermost spiral arc started near dashed back-hemisphere of y = 0; stopped before Great Circle projection of y-axis,2026-08-04T07:34:38Z
AOG_P07_SPHERICAL_PROJECTION,ef8b7d652edea5227166e54ca1bf6e81a4c02afd0d78c9d793e615a2db6906f6,afb1df2172f081fa426f2f86c56912079116f6441ba64df367861d00375fddc4,AOG-LM-P07-SPIRAL-SPHERICAL,1,Salah-Eddin Gherbi,S02,3,1244.11948606,667.368085998,14,thick reciprocal-spiral projection in the spherical panel,Second innermost spiral arc started near dashed back-hemisphere of y = 0; stopped before Great Circle projection of y-axis,2026-08-04T07:34:38Z
AOG_P07_SPHERICAL_PROJECTION,ef8b7d652edea5227166e54ca1bf6e81a4c02afd0d78c9d793e615a2db6906f6,afb1df2172f081fa426f2f86c56912079116f6441ba64df367861d00375fddc4,AOG-LM-P07-SPIRAL-SPHERICAL,1,Salah-Eddin Gherbi,S02,4,1245.88649932,666.877248981,14,thick reciprocal-spiral projection in the spherical panel,Second innermost spiral arc started near dashed back-hemisphere of y = 0; stopped before Great Circle projection of y-axis,2026-08-04T07:34:38Z
AOG_P07_SPHERICAL_PROJECTION,ef8b7d652edea5227166e54ca1bf6e81a4c02afd0d78c9d793e615a2db6906f6,afb1df2172f081fa426f2f86c56912079116f6441ba64df367861d00375fddc4,AOG-LM-P07-SPIRAL-SPHERICAL,1,Salah-Eddin Gherbi,S02,5,1248.83152142,666.190077158,14,thick reciprocal-spiral projection in the spherical panel,Second innermost spiral arc started near dashed back-hemisphere of y = 0; stopped before Great Circle projection of y-axis,2026-08-04T07:34:38Z
AOG_P07_SPHERICAL_PROJECTION,ef8b7d652edea5227166e54ca1bf6e81a4c02afd0d78c9d793e615a2db6906f6,afb1df2172f081fa426f2f86c56912079116f6441ba64df367861d00375fddc4,AOG-LM-P07-SPIRAL-SPHERICAL,1,Salah-Eddin Gherbi,S02,6,1251.58020871,665.993742352,14,thick reciprocal-spiral projection in the spherical panel,Second innermost spiral arc started near dashed back-hemisphere of y = 0; stopped before Great Circle projection of y-axis,2026-08-04T07:34:38Z
AOG_P07_SPHERICAL_PROJECTION,ef8b7d652edea5227166e54ca1bf6e81a4c02afd0d78c9d793e615a2db6906f6,afb1df2172f081fa426f2f86c56912079116f6441ba64df367861d00375fddc4,AOG-LM-P07-SPIRAL-SPHERICAL,1,Salah-Eddin Gherbi,S02,7,1253.73989158,665.993742352,14,thick reciprocal-spiral projection in the spherical panel,Second innermost spiral arc started near dashed back-hemisphere of y = 0; stopped before Great Circle projection of y-axis,2026-08-04T07:34:38Z
AOG_P07_SPHERICAL_PROJECTION,ef8b7d652edea5227166e54ca1bf6e81a4c02afd0d78c9d793e615a2db6906f6,afb1df2172f081fa426f2f86c56912079116f6441ba64df367861d00375fddc4,AOG-LM-P07-SPIRAL-SPHERICAL,1,Salah-Eddin Gherbi,S02,8,1256.09590926,665.895574948,14,thick reciprocal-spiral projection in the spherical panel,Second innermost spiral arc started near dashed back-hemisphere of y = 0; stopped before Great Circle projection of y-axis,2026-08-04T07:34:38Z
AOG_P07_SPHERICAL_PROJECTION,ef8b7d652edea5227166e54ca1bf6e81a4c02afd0d78c9d793e615a2db6906f6,afb1df2172f081fa426f2f86c56912079116f6441ba64df367861d00375fddc4,AOG-LM-P07-SPIRAL-SPHERICAL,1,Salah-Eddin Gherbi,S02,9,1258.64826174,665.797407545,14,thick reciprocal-spiral projection in the spherical panel,Second innermost spiral arc started near dashed back-hemisphere of y = 0; stopped before Great Circle projection of y-axis,2026-08-04T07:34:38Z
AOG_P07_SPHERICAL_PROJECTION,ef8b7d652edea5227166e54ca1bf6e81a4c02afd0d78c9d793e615a2db6906f6,afb1df2172f081fa426f2f86c56912079116f6441ba64df367861d00375fddc4,AOG-LM-P07-SPIRAL-SPHERICAL,1,Salah-Eddin Gherbi,S02,10,1261.20061423,665.993742352,14,thick reciprocal-spiral projection in the spherical panel,Second innermost spiral arc started near dashed back-hemisphere of y = 0; stopped before Great Circle projection of y-axis,2026-08-04T07:34:38Z
AOG_P07_SPHERICAL_PROJECTION,ef8b7d652edea5227166e54ca1bf6e81a4c02afd0d78c9d793e615a2db6906f6,afb1df2172f081fa426f2f86c56912079116f6441ba64df367861d00375fddc4,AOG-LM-P07-SPIRAL-SPHERICAL,1,Salah-Eddin Gherbi,S02,11,1264.04746892,666.386411965,14,thick reciprocal-spiral projection in the spherical panel,Second innermost spiral arc started near dashed back-hemisphere of y = 0; stopped before Great Circle projection of y-axis,2026-08-04T07:34:38Z
AOG_P07_SPHERICAL_PROJECTION,ef8b7d652edea5227166e54ca1bf6e81a4c02afd0d78c9d793e615a2db6906f6,afb1df2172f081fa426f2f86c56912079116f6441ba64df367861d00375fddc4,AOG-LM-P07-SPIRAL-SPHERICAL,1,Salah-Eddin Gherbi,S02,12,1266.50165401,666.779081578,14,thick reciprocal-spiral projection in the spherical panel,Second innermost spiral arc started near dashed back-hemisphere of y = 0; stopped before Great Circle projection of y-axis,2026-08-04T07:34:38Z
AOG_P07_SPHERICAL_PROJECTION,ef8b7d652edea5227166e54ca1bf6e81a4c02afd0d78c9d793e615a2db6906f6,afb1df2172f081fa426f2f86c56912079116f6441ba64df367861d00375fddc4,AOG-LM-P07-SPIRAL-SPHERICAL,1,Salah-Eddin Gherbi,S02,13,1268.85767168,667.858923014,14,thick reciprocal-spiral projection in the spherical panel,Second innermost spiral arc started near dashed back-hemisphere of y = 0; stopped before Great Circle projection of y-axis,2026-08-04T07:34:38Z
AOG_P07_SPHERICAL_PROJECTION,ef8b7d652edea5227166e54ca1bf6e81a4c02afd0d78c9d793e615a2db6906f6,afb1df2172f081fa426f2f86c56912079116f6441ba64df367861d00375fddc4,AOG-LM-P07-SPIRAL-SPHERICAL,1,Salah-Eddin Gherbi,S02,14,1270.91918715,668.64426224,14,thick reciprocal-spiral projection in the spherical panel,Second innermost spiral arc started near dashed back-hemisphere of y = 0; stopped before Great Circle projection of y-axis,2026-08-04T07:34:38Z
AOG_P07_SPHERICAL_PROJECTION,ef8b7d652edea5227166e54ca1bf6e81a4c02afd0d78c9d793e615a2db6906f6,afb1df2172f081fa426f2f86c56912079116f6441ba64df367861d00375fddc4,AOG-LM-P07-SPIRAL-SPHERICAL,1,Salah-Eddin Gherbi,S02,15,1272.98070262,669.625936273,14,thick reciprocal-spiral projection in the spherical panel,Second innermost spiral arc started near dashed back-hemisphere of y = 0; stopped before Great Circle projection of y-axis,2026-08-04T07:34:38Z
AOG_P07_SPHERICAL_PROJECTION,ef8b7d652edea5227166e54ca1bf6e81a4c02afd0d78c9d793e615a2db6906f6,afb1df2172f081fa426f2f86c56912079116f6441ba64df367861d00375fddc4,AOG-LM-P07-SPIRAL-SPHERICAL,1,Salah-Eddin Gherbi,S02,16,1275.2385529,670.803945112,14,thick reciprocal-spiral projection in the spherical panel,Second innermost spiral arc started near dashed back-hemisphere of y = 0; stopped before Great Circle projection of y-axis,2026-08-04T07:34:38Z
AOG_P07_SPHERICAL_PROJECTION,ef8b7d652edea5227166e54ca1bf6e81a4c02afd0d78c9d793e615a2db6906f6,afb1df2172f081fa426f2f86c56912079116f6441ba64df367861d00375fddc4,AOG-LM-P07-SPIRAL-SPHERICAL,1,Salah-Eddin Gherbi,S02,17,1276.51472914,671.589284339,14,thick reciprocal-spiral projection in the spherical panel,Second innermost spiral arc started near dashed back-hemisphere of y = 0; stopped before Great Circle projection of y-axis,2026-08-04T07:34:38Z
AOG_P07_SPHERICAL_PROJECTION,ef8b7d652edea5227166e54ca1bf6e81a4c02afd0d78c9d793e615a2db6906f6,afb1df2172f081fa426f2f86c56912079116f6441ba64df367861d00375fddc4,AOG-LM-P07-SPIRAL-SPHERICAL,1,Salah-Eddin Gherbi,S02,18,1278.67441201,672.669125775,14,thick reciprocal-spiral projection in the spherical panel,Second innermost spiral arc started near dashed back-hemisphere of y = 0; stopped before Great Circle projection of y-axis,2026-08-04T07:34:38Z
AOG_P07_SPHERICAL_PROJECTION,ef8b7d652edea5227166e54ca1bf6e81a4c02afd0d78c9d793e615a2db6906f6,afb1df2172f081fa426f2f86c56912079116f6441ba64df367861d00375fddc4,AOG-LM-P07-SPIRAL-SPHERICAL,1,Salah-Eddin Gherbi,S02,19,1280.24509047,673.552632404,14,thick reciprocal-spiral projection in the spherical panel,Second innermost spiral arc started near dashed back-hemisphere of y = 0; stopped before Great Circle projection of y-axis,2026-08-04T07:34:38Z
AOG_P07_SPHERICAL_PROJECTION,ef8b7d652edea5227166e54ca1bf6e81a4c02afd0d78c9d793e615a2db6906f6,afb1df2172f081fa426f2f86c56912079116f6441ba64df367861d00375fddc4,AOG-LM-P07-SPIRAL-SPHERICAL,1,Salah-Eddin Gherbi,S02,20,1282.20843853,674.92697605,14,thick reciprocal-spiral projection in the spherical panel,Second innermost spiral arc started near dashed back-hemisphere of y = 0; stopped before Great Circle projection of y-axis,2026-08-04T07:34:38Z
AOG_P07_SPHERICAL_PROJECTION,ef8b7d652edea5227166e54ca1bf6e81a4c02afd0d78c9d793e615a2db6906f6,afb1df2172f081fa426f2f86c56912079116f6441ba64df367861d00375fddc4,AOG-LM-P07-SPIRAL-SPHERICAL,1,Salah-Eddin Gherbi,S02,21,1283.48461477,675.614147873,14,thick reciprocal-spiral projection in the spherical panel,Second innermost spiral arc started near dashed back-hemisphere of y = 0; stopped before Great Circle projection of y-axis,2026-08-04T07:34:38Z
AOG_P07_SPHERICAL_PROJECTION,ef8b7d652edea5227166e54ca1bf6e81a4c02afd0d78c9d793e615a2db6906f6,afb1df2172f081fa426f2f86c56912079116f6441ba64df367861d00375fddc4,AOG-LM-P07-SPIRAL-SPHERICAL,1,Salah-Eddin Gherbi,S03,0,1286.00921861,680.676139116,14,thick reciprocal-spiral projection in the spherical panel,Third innermost spiral arc started near Great Circle projection of y-axis; stopped before line of radius r that passes through the white marker dot and UCLR node; that particular line has an angle of θ = 30 degrees from y = 0 (x-axis),2026-08-04T07:40:26Z
AOG_P07_SPHERICAL_PROJECTION,ef8b7d652edea5227166e54ca1bf6e81a4c02afd0d78c9d793e615a2db6906f6,afb1df2172f081fa426f2f86c56912079116f6441ba64df367861d00375fddc4,AOG-LM-P07-SPIRAL-SPHERICAL,1,Salah-Eddin Gherbi,S03,1,1287.08906004,682.595857224,14,thick reciprocal-spiral projection in the spherical panel,Third innermost spiral arc started near Great Circle projection of y-axis; stopped before line of radius r that passes through the white marker dot and UCLR node; that particular line has an angle of θ = 30 degrees from y = 0 (x-axis),2026-08-04T07:40:26Z
AOG_P07_SPHERICAL_PROJECTION,ef8b7d652edea5227166e54ca1bf6e81a4c02afd0d78c9d793e615a2db6906f6,afb1df2172f081fa426f2f86c56912079116f6441ba64df367861d00375fddc4,AOG-LM-P07-SPIRAL-SPHERICAL,1,Salah-Eddin Gherbi,S03,2,1287.92893671,684.515575333,14,thick reciprocal-spiral projection in the spherical panel,Third innermost spiral arc started near Great Circle projection of y-axis; stopped before line of radius r that passes through the white marker dot and UCLR node; that particular line has an angle of θ = 30 degrees from y = 0 (x-axis),2026-08-04T07:40:26Z
AOG_P07_SPHERICAL_PROJECTION,ef8b7d652edea5227166e54ca1bf6e81a4c02afd0d78c9d793e615a2db6906f6,afb1df2172f081fa426f2f86c56912079116f6441ba64df367861d00375fddc4,AOG-LM-P07-SPIRAL-SPHERICAL,1,Salah-Eddin Gherbi,S03,3,1288.64883101,686.435293442,14,thick reciprocal-spiral projection in the spherical panel,Third innermost spiral arc started near Great Circle projection of y-axis; stopped before line of radius r that passes through the white marker dot and UCLR node; that particular line has an angle of θ = 30 degrees from y = 0 (x-axis),2026-08-04T07:40:26Z
AOG_P07_SPHERICAL_PROJECTION,ef8b7d652edea5227166e54ca1bf6e81a4c02afd0d78c9d793e615a2db6906f6,afb1df2172f081fa426f2f86c56912079116f6441ba64df367861d00375fddc4,AOG-LM-P07-SPIRAL-SPHERICAL,1,Salah-Eddin Gherbi,S03,4,1289.3687253,688.714958695,14,thick reciprocal-spiral projection in the spherical panel,Third innermost spiral arc started near Great Circle projection of y-axis; stopped before line of radius r that passes through the white marker dot and UCLR node; that particular line has an angle of θ = 30 degrees from y = 0 (x-axis),2026-08-04T07:40:26Z
AOG_P07_SPHERICAL_PROJECTION,ef8b7d652edea5227166e54ca1bf6e81a4c02afd0d78c9d793e615a2db6906f6,afb1df2172f081fa426f2f86c56912079116f6441ba64df367861d00375fddc4,AOG-LM-P07-SPIRAL-SPHERICAL,1,Salah-Eddin Gherbi,S03,5,1289.72867244,691.114606331,14,thick reciprocal-spiral projection in the spherical panel,Third innermost spiral arc started near Great Circle projection of y-axis; stopped before line of radius r that passes through the white marker dot and UCLR node; that particular line has an angle of θ = 30 degrees from y = 0 (x-axis),2026-08-04T07:40:26Z
AOG_P07_SPHERICAL_PROJECTION,ef8b7d652edea5227166e54ca1bf6e81a4c02afd0d78c9d793e615a2db6906f6,afb1df2172f081fa426f2f86c56912079116f6441ba64df367861d00375fddc4,AOG-LM-P07-SPIRAL-SPHERICAL,1,Salah-Eddin Gherbi,S03,6,1290.44856673,693.634236349,14,thick reciprocal-spiral projection in the spherical panel,Third innermost spiral arc started near Great Circle projection of y-axis; stopped before line of radius r that passes through the white marker dot and UCLR node; that particular line has an angle of θ = 30 degrees from y = 0 (x-axis),2026-08-04T07:40:26Z
AOG_P07_SPHERICAL_PROJECTION,ef8b7d652edea5227166e54ca1bf6e81a4c02afd0d78c9d793e615a2db6906f6,afb1df2172f081fa426f2f86c56912079116f6441ba64df367861d00375fddc4,AOG-LM-P07-SPIRAL-SPHERICAL,1,Salah-Eddin Gherbi,S03,7,1290.80851388,696.273848748,14,thick reciprocal-spiral projection in the spherical panel,Third innermost spiral arc started near Great Circle projection of y-axis; stopped before line of radius r that passes through the white marker dot and UCLR node; that particular line has an angle of θ = 30 degrees from y = 0 (x-axis),2026-08-04T07:40:26Z
AOG_P07_SPHERICAL_PROJECTION,ef8b7d652edea5227166e54ca1bf6e81a4c02afd0d78c9d793e615a2db6906f6,afb1df2172f081fa426f2f86c56912079116f6441ba64df367861d00375fddc4,AOG-LM-P07-SPIRAL-SPHERICAL,1,Salah-Eddin Gherbi,S03,8,1291.04847864,698.793478766,14,thick reciprocal-spiral projection in the spherical panel,Third innermost spiral arc started near Great Circle projection of y-axis; stopped before line of radius r that passes through the white marker dot and UCLR node; that particular line has an angle of θ = 30 degrees from y = 0 (x-axis),2026-08-04T07:40:26Z
AOG_P07_SPHERICAL_PROJECTION,ef8b7d652edea5227166e54ca1bf6e81a4c02afd0d78c9d793e615a2db6906f6,afb1df2172f081fa426f2f86c56912079116f6441ba64df367861d00375fddc4,AOG-LM-P07-SPIRAL-SPHERICAL,1,Salah-Eddin Gherbi,S03,9,1291.2884434,701.433091165,14,thick reciprocal-spiral projection in the spherical panel,Third innermost spiral arc started near Great Circle projection of y-axis; stopped before line of radius r that passes through the white marker dot and UCLR node; that particular line has an angle of θ = 30 degrees from y = 0 (x-axis),2026-08-04T07:40:26Z
AOG_P07_SPHERICAL_PROJECTION,ef8b7d652edea5227166e54ca1bf6e81a4c02afd0d78c9d793e615a2db6906f6,afb1df2172f081fa426f2f86c56912079116f6441ba64df367861d00375fddc4,AOG-LM-P07-SPIRAL-SPHERICAL,1,Salah-Eddin Gherbi,S03,10,1291.2884434,703.832738801,14,thick reciprocal-spiral projection in the spherical panel,Third innermost spiral arc started near Great Circle projection of y-axis; stopped before line of radius r that passes through the white marker dot and UCLR node; that particular line has an angle of θ = 30 degrees from y = 0 (x-axis),2026-08-04T07:40:26Z
AOG_P07_SPHERICAL_PROJECTION,ef8b7d652edea5227166e54ca1bf6e81a4c02afd0d78c9d793e615a2db6906f6,afb1df2172f081fa426f2f86c56912079116f6441ba64df367861d00375fddc4,AOG-LM-P07-SPIRAL-SPHERICAL,1,Salah-Eddin Gherbi,S03,11,1291.40842579,706.952280727,14,thick reciprocal-spiral projection in the spherical panel,Third innermost spiral arc started near Great Circle projection of y-axis; stopped before line of radius r that passes through the white marker dot and UCLR node; that particular line has an angle of θ = 30 degrees from y = 0 (x-axis),2026-08-04T07:40:26Z
AOG_P07_SPHERICAL_PROJECTION,ef8b7d652edea5227166e54ca1bf6e81a4c02afd0d78c9d793e615a2db6906f6,afb1df2172f081fa426f2f86c56912079116f6441ba64df367861d00375fddc4,AOG-LM-P07-SPIRAL-SPHERICAL,1,Salah-Eddin Gherbi,S03,12,1291.04847864,709.951840272,14,thick reciprocal-spiral projection in the spherical panel,Third innermost spiral arc started near Great Circle projection of y-axis; stopped before line of radius r that passes through the white marker dot and UCLR node; that particular line has an angle of θ = 30 degrees from y = 0 (x-axis),2026-08-04T07:40:26Z
AOG_P07_SPHERICAL_PROJECTION,ef8b7d652edea5227166e54ca1bf6e81a4c02afd0d78c9d793e615a2db6906f6,afb1df2172f081fa426f2f86c56912079116f6441ba64df367861d00375fddc4,AOG-LM-P07-SPIRAL-SPHERICAL,1,Salah-Eddin Gherbi,S03,13,1290.56854911,712.711435053,14,thick reciprocal-spiral projection in the spherical panel,Third innermost spiral arc started near Great Circle projection of y-axis; stopped before line of radius r that passes through the white marker dot and UCLR node; that particular line has an angle of θ = 30 degrees from y = 0 (x-axis),2026-08-04T07:40:26Z
AOG_P07_SPHERICAL_PROJECTION,ef8b7d652edea5227166e54ca1bf6e81a4c02afd0d78c9d793e615a2db6906f6,afb1df2172f081fa426f2f86c56912079116f6441ba64df367861d00375fddc4,AOG-LM-P07-SPIRAL-SPHERICAL,1,Salah-Eddin Gherbi,S03,14,1290.08861959,714.991100307,14,thick reciprocal-spiral projection in the spherical panel,Third innermost spiral arc started near Great Circle projection of y-axis; stopped before line of radius r that passes through the white marker dot and UCLR node; that particular line has an angle of θ = 30 degrees from y = 0 (x-axis),2026-08-04T07:40:26Z
AOG_P07_SPHERICAL_PROJECTION,ef8b7d652edea5227166e54ca1bf6e81a4c02afd0d78c9d793e615a2db6906f6,afb1df2172f081fa426f2f86c56912079116f6441ba64df367861d00375fddc4,AOG-LM-P07-SPIRAL-SPHERICAL,1,Salah-Eddin Gherbi,S03,15,1289.60869006,716.910818415,14,thick reciprocal-spiral projection in the spherical panel,Third innermost spiral arc started near Great Circle projection of y-axis; stopped before line of radius r that passes through the white marker dot and UCLR node; that particular line has an angle of θ = 30 degrees from y = 0 (x-axis),2026-08-04T07:40:26Z
AOG_P07_SPHERICAL_PROJECTION,ef8b7d652edea5227166e54ca1bf6e81a4c02afd0d78c9d793e615a2db6906f6,afb1df2172f081fa426f2f86c56912079116f6441ba64df367861d00375fddc4,AOG-LM-P07-SPIRAL-SPHERICAL,1,Salah-Eddin Gherbi,S03,16,1288.88879577,718.710554142,14,thick reciprocal-spiral projection in the spherical panel,Third innermost spiral arc started near Great Circle projection of y-axis; stopped before line of radius r that passes through the white marker dot and UCLR node; that particular line has an angle of θ = 30 degrees from y = 0 (x-axis),2026-08-04T07:40:26Z
AOG_P07_SPHERICAL_PROJECTION,ef8b7d652edea5227166e54ca1bf6e81a4c02afd0d78c9d793e615a2db6906f6,afb1df2172f081fa426f2f86c56912079116f6441ba64df367861d00375fddc4,AOG-LM-P07-SPIRAL-SPHERICAL,1,Salah-Eddin Gherbi,S04,0,1288.16798525,726.033100718,14,thick reciprocal-spiral projection in the spherical panel,Fourth innermost spiral arc started near line of radius r that passes through the white marker dot and UCLR node; stopped before Great Circle projection of y = 0 (x-axis),2026-08-04T07:55:56Z
AOG_P07_SPHERICAL_PROJECTION,ef8b7d652edea5227166e54ca1bf6e81a4c02afd0d78c9d793e615a2db6906f6,afb1df2172f081fa426f2f86c56912079116f6441ba64df367861d00375fddc4,AOG-LM-P07-SPIRAL-SPHERICAL,1,Salah-Eddin Gherbi,S04,1,1287.24303016,727.998630281,14,thick reciprocal-spiral projection in the spherical panel,Fourth innermost spiral arc started near line of radius r that passes through the white marker dot and UCLR node; stopped before Great Circle projection of y = 0 (x-axis),2026-08-04T07:55:56Z
AOG_P07_SPHERICAL_PROJECTION,ef8b7d652edea5227166e54ca1bf6e81a4c02afd0d78c9d793e615a2db6906f6,afb1df2172f081fa426f2f86c56912079116f6441ba64df367861d00375fddc4,AOG-LM-P07-SPIRAL-SPHERICAL,1,Salah-Eddin Gherbi,S04,2,1285.97121691,729.732921072,14,thick reciprocal-spiral projection in the spherical panel,Fourth innermost spiral arc started near line of radius r that passes through the white marker dot and UCLR node; stopped before Great Circle projection of y = 0 (x-axis),2026-08-04T07:55:56Z
AOG_P07_SPHERICAL_PROJECTION,ef8b7d652edea5227166e54ca1bf6e81a4c02afd0d78c9d793e615a2db6906f6,afb1df2172f081fa426f2f86c56912079116f6441ba64df367861d00375fddc4,AOG-LM-P07-SPIRAL-SPHERICAL,1,Salah-Eddin Gherbi,S04,3,1284.35254551,731.120353705,14,thick reciprocal-spiral projection in the spherical panel,Fourth innermost spiral arc started near line of radius r that passes through the white marker dot and UCLR node; stopped before Great Circle projection of y = 0 (x-axis),2026-08-04T07:55:56Z
AOG_P07_SPHERICAL_PROJECTION,ef8b7d652edea5227166e54ca1bf6e81a4c02afd0d78c9d793e615a2db6906f6,afb1df2172f081fa426f2f86c56912079116f6441ba64df367861d00375fddc4,AOG-LM-P07-SPIRAL-SPHERICAL,1,Salah-Eddin Gherbi,S04,4,1282.96511288,732.739025111,14,thick reciprocal-spiral projection in the spherical panel,Fourth innermost spiral arc started near line of radius r that passes through the white marker dot and UCLR node; stopped before Great Circle projection of y = 0 (x-axis),2026-08-04T07:55:56Z
AOG_P07_SPHERICAL_PROJECTION,ef8b7d652edea5227166e54ca1bf6e81a4c02afd0d78c9d793e615a2db6906f6,afb1df2172f081fa426f2f86c56912079116f6441ba64df367861d00375fddc4,AOG-LM-P07-SPIRAL-SPHERICAL,1,Salah-Eddin Gherbi,S04,5,1281.1152027,734.24207713,14,thick reciprocal-spiral projection in the spherical panel,Fourth innermost spiral arc started near line of radius r that passes through the white marker dot and UCLR node; stopped before Great Circle projection of y = 0 (x-axis),2026-08-04T07:55:56Z
AOG_P07_SPHERICAL_PROJECTION,ef8b7d652edea5227166e54ca1bf6e81a4c02afd0d78c9d793e615a2db6906f6,afb1df2172f081fa426f2f86c56912079116f6441ba64df367861d00375fddc4,AOG-LM-P07-SPIRAL-SPHERICAL,1,Salah-Eddin Gherbi,S04,6,1279.84338945,735.398270991,14,thick reciprocal-spiral projection in the spherical panel,Fourth innermost spiral arc started near line of radius r that passes through the white marker dot and UCLR node; stopped before Great Circle projection of y = 0 (x-axis),2026-08-04T07:55:56Z
AOG_P07_SPHERICAL_PROJECTION,ef8b7d652edea5227166e54ca1bf6e81a4c02afd0d78c9d793e615a2db6906f6,afb1df2172f081fa426f2f86c56912079116f6441ba64df367861d00375fddc4,AOG-LM-P07-SPIRAL-SPHERICAL,1,Salah-Eddin Gherbi,S04,7,1278.10909866,736.785703624,14,thick reciprocal-spiral projection in the spherical panel,Fourth innermost spiral arc started near line of radius r that passes through the white marker dot and UCLR node; stopped before Great Circle projection of y = 0 (x-axis),2026-08-04T07:55:56Z
AOG_P07_SPHERICAL_PROJECTION,ef8b7d652edea5227166e54ca1bf6e81a4c02afd0d78c9d793e615a2db6906f6,afb1df2172f081fa426f2f86c56912079116f6441ba64df367861d00375fddc4,AOG-LM-P07-SPIRAL-SPHERICAL,1,Salah-Eddin Gherbi,S04,8,1276.9529048,737.47941994,14,thick reciprocal-spiral projection in the spherical panel,Fourth innermost spiral arc started near line of radius r that passes through the white marker dot and UCLR node; stopped before Great Circle projection of y = 0 (x-axis),2026-08-04T07:55:56Z
AOG_P07_SPHERICAL_PROJECTION,ef8b7d652edea5227166e54ca1bf6e81a4c02afd0d78c9d793e615a2db6906f6,afb1df2172f081fa426f2f86c56912079116f6441ba64df367861d00375fddc4,AOG-LM-P07-SPIRAL-SPHERICAL,1,Salah-Eddin Gherbi,S05,0,1273.63174884,743.123543884,14,thick reciprocal-spiral projection in the spherical panel,Fifth and last innermost spiral arc started near Great Circle projection of y = 0 (x-axis); spiral 360 degrees completed; stopped before Great Circle projection of y-axis,2026-08-04T08:00:55Z
AOG_P07_SPHERICAL_PROJECTION,ef8b7d652edea5227166e54ca1bf6e81a4c02afd0d78c9d793e615a2db6906f6,afb1df2172f081fa426f2f86c56912079116f6441ba64df367861d00375fddc4,AOG-LM-P07-SPIRAL-SPHERICAL,1,Salah-Eddin Gherbi,S05,1,1271.7469347,744.484798543,14,thick reciprocal-spiral projection in the spherical panel,Fifth and last innermost spiral arc started near Great Circle projection of y = 0 (x-axis); spiral 360 degrees completed; stopped before Great Circle projection of y-axis,2026-08-04T08:00:55Z
AOG_P07_SPHERICAL_PROJECTION,ef8b7d652edea5227166e54ca1bf6e81a4c02afd0d78c9d793e615a2db6906f6,afb1df2172f081fa426f2f86c56912079116f6441ba64df367861d00375fddc4,AOG-LM-P07-SPIRAL-SPHERICAL,1,Salah-Eddin Gherbi,S05,2,1269.12913728,746.160188892,14,thick reciprocal-spiral projection in the spherical panel,Fifth and last innermost spiral arc started near Great Circle projection of y = 0 (x-axis); spiral 360 degrees completed; stopped before Great Circle projection of y-axis,2026-08-04T08:00:55Z
AOG_P07_SPHERICAL_PROJECTION,ef8b7d652edea5227166e54ca1bf6e81a4c02afd0d78c9d793e615a2db6906f6,afb1df2172f081fa426f2f86c56912079116f6441ba64df367861d00375fddc4,AOG-LM-P07-SPIRAL-SPHERICAL,1,Salah-Eddin Gherbi,S05,3,1266.51133986,747.626155448,14,thick reciprocal-spiral projection in the spherical panel,Fifth and last innermost spiral arc started near Great Circle projection of y = 0 (x-axis); spiral 360 degrees completed; stopped before Great Circle projection of y-axis,2026-08-04T08:00:55Z
AOG_P07_SPHERICAL_PROJECTION,ef8b7d652edea5227166e54ca1bf6e81a4c02afd0d78c9d793e615a2db6906f6,afb1df2172f081fa426f2f86c56912079116f6441ba64df367861d00375fddc4,AOG-LM-P07-SPIRAL-SPHERICAL,1,Salah-Eddin Gherbi,S05,4,1263.89354244,748.777986313,14,thick reciprocal-spiral projection in the spherical panel,Fifth and last innermost spiral arc started near Great Circle projection of y = 0 (x-axis); spiral 360 degrees completed; stopped before Great Circle projection of y-axis,2026-08-04T08:00:55Z
AOG_P07_SPHERICAL_PROJECTION,ef8b7d652edea5227166e54ca1bf6e81a4c02afd0d78c9d793e615a2db6906f6,afb1df2172f081fa426f2f86c56912079116f6441ba64df367861d00375fddc4,AOG-LM-P07-SPIRAL-SPHERICAL,1,Salah-Eddin Gherbi,S05,5,1260.43804984,750.034529075,14,thick reciprocal-spiral projection in the spherical panel,Fifth and last innermost spiral arc started near Great Circle projection of y = 0 (x-axis); spiral 360 degrees completed; stopped before Great Circle projection of y-axis,2026-08-04T08:00:55Z
AOG_P07_SPHERICAL_PROJECTION,ef8b7d652edea5227166e54ca1bf6e81a4c02afd0d78c9d793e615a2db6906f6,afb1df2172f081fa426f2f86c56912079116f6441ba64df367861d00375fddc4,AOG-LM-P07-SPIRAL-SPHERICAL,1,Salah-Eddin Gherbi,S05,6,1257.40140483,750.767512353,14,thick reciprocal-spiral projection in the spherical panel,Fifth and last innermost spiral arc started near Great Circle projection of y = 0 (x-axis); spiral 360 degrees completed; stopped before Great Circle projection of y-axis,2026-08-04T08:00:55Z
AOG_P07_SPHERICAL_PROJECTION,ef8b7d652edea5227166e54ca1bf6e81a4c02afd0d78c9d793e615a2db6906f6,afb1df2172f081fa426f2f86c56912079116f6441ba64df367861d00375fddc4,AOG-LM-P07-SPIRAL-SPHERICAL,1,Salah-Eddin Gherbi,S05,7,1253.52706465,751.081648044,14,thick reciprocal-spiral projection in the spherical panel,Fifth and last innermost spiral arc started near Great Circle projection of y = 0 (x-axis); spiral 360 degrees completed; stopped before Great Circle projection of y-axis,2026-08-04T08:00:55Z
AOG_P07_SPHERICAL_PROJECTION,ef8b7d652edea5227166e54ca1bf6e81a4c02afd0d78c9d793e615a2db6906f6,afb1df2172f081fa426f2f86c56912079116f6441ba64df367861d00375fddc4,AOG-LM-P07-SPIRAL-SPHERICAL,1,Salah-Eddin Gherbi,S05,8,1249.02445309,751.395783734,14,thick reciprocal-spiral projection in the spherical panel,Fifth and last innermost spiral arc started near Great Circle projection of y = 0 (x-axis); spiral 360 degrees completed; stopped before Great Circle projection of y-axis,2026-08-04T08:00:55Z
AOG_P07_SPHERICAL_PROJECTION,ef8b7d652edea5227166e54ca1bf6e81a4c02afd0d78c9d793e615a2db6906f6,afb1df2172f081fa426f2f86c56912079116f6441ba64df367861d00375fddc4,AOG-LM-P07-SPIRAL-SPHERICAL,1,Salah-Eddin Gherbi,S05,9,1245.56896049,751.395783734,14,thick reciprocal-spiral projection in the spherical panel,Fifth and last innermost spiral arc started near Great Circle projection of y = 0 (x-axis); spiral 360 degrees completed; stopped before Great Circle projection of y-axis,2026-08-04T08:00:55Z
AOG_P07_SPHERICAL_PROJECTION,ef8b7d652edea5227166e54ca1bf6e81a4c02afd0d78c9d793e615a2db6906f6,afb1df2172f081fa426f2f86c56912079116f6441ba64df367861d00375fddc4,AOG-LM-P07-SPIRAL-SPHERICAL,1,Salah-Eddin Gherbi,S05,10,1241.9040441,751.395783734,14,thick reciprocal-spiral projection in the spherical panel,Fifth and last innermost spiral arc started near Great Circle projection of y = 0 (x-axis); spiral 360 degrees completed; stopped before Great Circle projection of y-axis,2026-08-04T08:00:55Z
AOG_P07_SPHERICAL_PROJECTION,ef8b7d652edea5227166e54ca1bf6e81a4c02afd0d78c9d793e615a2db6906f6,afb1df2172f081fa426f2f86c56912079116f6441ba64df367861d00375fddc4,AOG-LM-P07-SPIRAL-SPHERICAL,1,Salah-Eddin Gherbi,S05,11,1238.6579753,751.395783734,14,thick reciprocal-spiral projection in the spherical panel,Fifth and last innermost spiral arc started near Great Circle projection of y = 0 (x-axis); spiral 360 degrees completed; stopped before Great Circle projection of y-axis,2026-08-04T08:00:55Z
AOG_P07_SPHERICAL_PROJECTION,ef8b7d652edea5227166e54ca1bf6e81a4c02afd0d78c9d793e615a2db6906f6,afb1df2172f081fa426f2f86c56912079116f6441ba64df367861d00375fddc4,AOG-LM-P07-SPIRAL-SPHERICAL,1,Salah-Eddin Gherbi,S05,12,1234.15536374,751.395783734,14,thick reciprocal-spiral projection in the spherical panel,Fifth and last innermost spiral arc started near Great Circle projection of y = 0 (x-axis); spiral 360 degrees completed; stopped before Great Circle projection of y-axis,2026-08-04T08:00:55Z
AOG_P07_SPHERICAL_PROJECTION,ef8b7d652edea5227166e54ca1bf6e81a4c02afd0d78c9d793e615a2db6906f6,afb1df2172f081fa426f2f86c56912079116f6441ba64df367861d00375fddc4,AOG-LM-P07-SPIRAL-SPHERICAL,1,Salah-Eddin Gherbi,S05,13,1230.90929493,751.395783734,14,thick reciprocal-spiral projection in the spherical panel,Fifth and last innermost spiral arc started near Great Circle projection of y = 0 (x-axis); spiral 360 degrees completed; stopped before Great Circle projection of y-axis,2026-08-04T08:00:55Z
AOG_P07_SPHERICAL_PROJECTION,ef8b7d652edea5227166e54ca1bf6e81a4c02afd0d78c9d793e615a2db6906f6,afb1df2172f081fa426f2f86c56912079116f6441ba64df367861d00375fddc4,AOG-LM-P07-SPIRAL-SPHERICAL,1,Salah-Eddin Gherbi,S05,14,1226.09254768,750.976936147,14,thick reciprocal-spiral projection in the spherical panel,Fifth and last innermost spiral arc started near Great Circle projection of y = 0 (x-axis); spiral 360 degrees completed; stopped before Great Circle projection of y-axis,2026-08-04T08:00:55Z
AOG_P07_SPHERICAL_PROJECTION,ef8b7d652edea5227166e54ca1bf6e81a4c02afd0d78c9d793e615a2db6906f6,afb1df2172f081fa426f2f86c56912079116f6441ba64df367861d00375fddc4,AOG-LM-P07-SPIRAL-SPHERICAL,1,Salah-Eddin Gherbi,S05,15,1222.1134956,749.615681488,14,thick reciprocal-spiral projection in the spherical panel,Fifth and last innermost spiral arc started near Great Circle projection of y = 0 (x-axis); spiral 360 degrees completed; stopped before Great Circle projection of y-axis,2026-08-04T08:00:55Z
AOG_P07_SPHERICAL_PROJECTION,ef8b7d652edea5227166e54ca1bf6e81a4c02afd0d78c9d793e615a2db6906f6,afb1df2172f081fa426f2f86c56912079116f6441ba64df367861d00375fddc4,AOG-LM-P07-SPIRAL-SPHERICAL,1,Salah-Eddin Gherbi,S05,16,1218.7627149,748.463850623,14,thick reciprocal-spiral projection in the spherical panel,Fifth and last innermost spiral arc started near Great Circle projection of y = 0 (x-axis); spiral 360 degrees completed; stopped before Great Circle projection of y-axis,2026-08-04T08:00:55Z
AOG_P07_SPHERICAL_PROJECTION,ef8b7d652edea5227166e54ca1bf6e81a4c02afd0d78c9d793e615a2db6906f6,afb1df2172f081fa426f2f86c56912079116f6441ba64df367861d00375fddc4,AOG-LM-P07-SPIRAL-SPHERICAL,1,Salah-Eddin Gherbi,S05,17,1215.83078179,747.521443551,14,thick reciprocal-spiral projection in the spherical panel,Fifth and last innermost spiral arc started near Great Circle projection of y = 0 (x-axis); spiral 360 degrees completed; stopped before Great Circle projection of y-axis,2026-08-04T08:00:55Z
AOG_P07_SPHERICAL_PROJECTION,ef8b7d652edea5227166e54ca1bf6e81a4c02afd0d78c9d793e615a2db6906f6,afb1df2172f081fa426f2f86c56912079116f6441ba64df367861d00375fddc4,AOG-LM-P07-SPIRAL-SPHERICAL,1,Salah-Eddin Gherbi,S05,18,1213.31769627,746.160188892,14,thick reciprocal-spiral projection in the spherical panel,Fifth and last innermost spiral arc started near Great Circle projection of y = 0 (x-axis); spiral 360 degrees completed; stopped before Great Circle projection of y-axis,2026-08-04T08:00:55Z
AOG_P07_SPHERICAL_PROJECTION,ef8b7d652edea5227166e54ca1bf6e81a4c02afd0d78c9d793e615a2db6906f6,afb1df2172f081fa426f2f86c56912079116f6441ba64df367861d00375fddc4,AOG-LM-P07-SPIRAL-SPHERICAL,1,Salah-Eddin Gherbi,S05,19,1209.96691557,744.694222337,14,thick reciprocal-spiral projection in the spherical panel,Fifth and last innermost spiral arc started near Great Circle projection of y = 0 (x-axis); spiral 360 degrees completed; stopped before Great Circle projection of y-axis,2026-08-04T08:00:55Z
AOG_P07_SPHERICAL_PROJECTION,ef8b7d652edea5227166e54ca1bf6e81a4c02afd0d78c9d793e615a2db6906f6,afb1df2172f081fa426f2f86c56912079116f6441ba64df367861d00375fddc4,AOG-LM-P07-SPIRAL-SPHERICAL,1,Salah-Eddin Gherbi,S05,20,1206.82555866,742.495272503,14,thick reciprocal-spiral projection in the spherical panel,Fifth and last innermost spiral arc started near Great Circle projection of y = 0 (x-axis); spiral 360 degrees completed; stopped before Great Circle projection of y-axis,2026-08-04T08:00:55Z
AOG_P07_SPHERICAL_PROJECTION,ef8b7d652edea5227166e54ca1bf6e81a4c02afd0d78c9d793e615a2db6906f6,afb1df2172f081fa426f2f86c56912079116f6441ba64df367861d00375fddc4,AOG-LM-P07-SPIRAL-SPHERICAL,1,Salah-Eddin Gherbi,S05,21,1203.26535417,740.191610773,14,thick reciprocal-spiral projection in the spherical panel,Fifth and last innermost spiral arc started near Great Circle projection of y = 0 (x-axis); spiral 360 degrees completed; stopped before Great Circle projection of y-axis,2026-08-04T08:00:55Z
AOG_P07_SPHERICAL_PROJECTION,ef8b7d652edea5227166e54ca1bf6e81a4c02afd0d78c9d793e615a2db6906f6,afb1df2172f081fa426f2f86c56912079116f6441ba64df367861d00375fddc4,AOG-LM-P07-SPIRAL-SPHERICAL,1,Salah-Eddin Gherbi,S05,22,1201.06640434,737.992660939,14,thick reciprocal-spiral projection in the spherical panel,Fifth and last innermost spiral arc started near Great Circle projection of y = 0 (x-axis); spiral 360 degrees completed; stopped before Great Circle projection of y-axis,2026-08-04T08:00:55Z
AOG_P07_SPHERICAL_PROJECTION,ef8b7d652edea5227166e54ca1bf6e81a4c02afd0d78c9d793e615a2db6906f6,afb1df2172f081fa426f2f86c56912079116f6441ba64df367861d00375fddc4,AOG-LM-P07-SPIRAL-SPHERICAL,1,Salah-Eddin Gherbi,S05,23,1198.34389502,736.31727059,14,thick reciprocal-spiral projection in the spherical panel,Fifth and last innermost spiral arc started near Great Circle projection of y = 0 (x-axis); spiral 360 degrees completed; stopped before Great Circle projection of y-axis,2026-08-04T08:00:55Z
AOG_P07_SPHERICAL_PROJECTION,ef8b7d652edea5227166e54ca1bf6e81a4c02afd0d78c9d793e615a2db6906f6,afb1df2172f081fa426f2f86c56912079116f6441ba64df367861d00375fddc4,AOG-LM-P07-SPIRAL-SPHERICAL,1,Salah-Eddin Gherbi,S05,24,1196.66850467,734.118320757,14,thick reciprocal-spiral projection in the spherical panel,Fifth and last innermost spiral arc started near Great Circle projection of y = 0 (x-axis); spiral 360 degrees completed; stopped before Great Circle projection of y-axis,2026-08-04T08:00:55Z
AOG_P07_SPHERICAL_PROJECTION,ef8b7d652edea5227166e54ca1bf6e81a4c02afd0d78c9d793e615a2db6906f6,afb1df2172f081fa426f2f86c56912079116f6441ba64df367861d00375fddc4,AOG-LM-P07-SPIRAL-SPHERICAL,1,Salah-Eddin Gherbi,S05,25,1195.20253811,732.547642304,14,thick reciprocal-spiral projection in the spherical panel,Fifth and last innermost spiral arc started near Great Circle projection of y = 0 (x-axis); spiral 360 degrees completed; stopped before Great Circle projection of y-axis,2026-08-04T08:00:55Z
AOG_P07_SPHERICAL_PROJECTION,ef8b7d652edea5227166e54ca1bf6e81a4c02afd0d78c9d793e615a2db6906f6,afb1df2172f081fa426f2f86c56912079116f6441ba64df367861d00375fddc4,AOG-LM-P07-SPIRAL-SPHERICAL,1,Salah-Eddin Gherbi,S06,0,1190.50360265,728.323782536,14,thick reciprocal-spiral projection in the spherical panel,First outermost spiral arc started near Great Circle projection of y-axis; stopped before dashed back-hemisphere of y = 0,2026-08-04T08:04:39Z
AOG_P07_SPHERICAL_PROJECTION,ef8b7d652edea5227166e54ca1bf6e81a4c02afd0d78c9d793e615a2db6906f6,afb1df2172f081fa426f2f86c56912079116f6441ba64df367861d00375fddc4,AOG-LM-P07-SPIRAL-SPHERICAL,1,Salah-Eddin Gherbi,S06,1,1188.65587397,725.972127853,14,thick reciprocal-spiral projection in the spherical panel,First outermost spiral arc started near Great Circle projection of y-axis; stopped before dashed back-hemisphere of y = 0,2026-08-04T08:04:39Z
AOG_P07_SPHERICAL_PROJECTION,ef8b7d652edea5227166e54ca1bf6e81a4c02afd0d78c9d793e615a2db6906f6,afb1df2172f081fa426f2f86c56912079116f6441ba64df367861d00375fddc4,AOG-LM-P07-SPIRAL-SPHERICAL,1,Salah-Eddin Gherbi,S06,2,1186.64016996,722.276670494,14,thick reciprocal-spiral projection in the spherical panel,First outermost spiral arc started near Great Circle projection of y-axis; stopped before dashed back-hemisphere of y = 0,2026-08-04T08:04:39Z
AOG_P07_SPHERICAL_PROJECTION,ef8b7d652edea5227166e54ca1bf6e81a4c02afd0d78c9d793e615a2db6906f6,afb1df2172f081fa426f2f86c56912079116f6441ba64df367861d00375fddc4,AOG-LM-P07-SPIRAL-SPHERICAL,1,Salah-Eddin Gherbi,S06,3,1185.63231795,719.925015811,14,thick reciprocal-spiral projection in the spherical panel,First outermost spiral arc started near Great Circle projection of y-axis; stopped before dashed back-hemisphere of y = 0,2026-08-04T08:04:39Z
AOG_P07_SPHERICAL_PROJECTION,ef8b7d652edea5227166e54ca1bf6e81a4c02afd0d78c9d793e615a2db6906f6,afb1df2172f081fa426f2f86c56912079116f6441ba64df367861d00375fddc4,AOG-LM-P07-SPIRAL-SPHERICAL,1,Salah-Eddin Gherbi,S06,4,1183.95256461,716.229558452,14,thick reciprocal-spiral projection in the spherical panel,First outermost spiral arc started near Great Circle projection of y-axis; stopped before dashed back-hemisphere of y = 0,2026-08-04T08:04:39Z
AOG_P07_SPHERICAL_PROJECTION,ef8b7d652edea5227166e54ca1bf6e81a4c02afd0d78c9d793e615a2db6906f6,afb1df2172f081fa426f2f86c56912079116f6441ba64df367861d00375fddc4,AOG-LM-P07-SPIRAL-SPHERICAL,1,Salah-Eddin Gherbi,S06,5,1182.9447126,713.038027096,14,thick reciprocal-spiral projection in the spherical panel,First outermost spiral arc started near Great Circle projection of y-axis; stopped before dashed back-hemisphere of y = 0,2026-08-04T08:04:39Z
AOG_P07_SPHERICAL_PROJECTION,ef8b7d652edea5227166e54ca1bf6e81a4c02afd0d78c9d793e615a2db6906f6,afb1df2172f081fa426f2f86c56912079116f6441ba64df367861d00375fddc4,AOG-LM-P07-SPIRAL-SPHERICAL,1,Salah-Eddin Gherbi,S06,6,1181.93686059,709.846495741,14,thick reciprocal-spiral projection in the spherical panel,First outermost spiral arc started near Great Circle projection of y-axis; stopped before dashed back-hemisphere of y = 0,2026-08-04T08:04:39Z
AOG_P07_SPHERICAL_PROJECTION,ef8b7d652edea5227166e54ca1bf6e81a4c02afd0d78c9d793e615a2db6906f6,afb1df2172f081fa426f2f86c56912079116f6441ba64df367861d00375fddc4,AOG-LM-P07-SPIRAL-SPHERICAL,1,Salah-Eddin Gherbi,S06,7,1180.42508258,705.311161709,14,thick reciprocal-spiral projection in the spherical panel,First outermost spiral arc started near Great Circle projection of y-axis; stopped before dashed back-hemisphere of y = 0,2026-08-04T08:04:39Z
AOG_P07_SPHERICAL_PROJECTION,ef8b7d652edea5227166e54ca1bf6e81a4c02afd0d78c9d793e615a2db6906f6,afb1df2172f081fa426f2f86c56912079116f6441ba64df367861d00375fddc4,AOG-LM-P07-SPIRAL-SPHERICAL,1,Salah-Eddin Gherbi,S06,8,1179.41723057,700.775827677,14,thick reciprocal-spiral projection in the spherical panel,First outermost spiral arc started near Great Circle projection of y-axis; stopped before dashed back-hemisphere of y = 0,2026-08-04T08:04:39Z
AOG_P07_SPHERICAL_PROJECTION,ef8b7d652edea5227166e54ca1bf6e81a4c02afd0d78c9d793e615a2db6906f6,afb1df2172f081fa426f2f86c56912079116f6441ba64df367861d00375fddc4,AOG-LM-P07-SPIRAL-SPHERICAL,1,Salah-Eddin Gherbi,S06,9,1178.24140323,696.40846898,14,thick reciprocal-spiral projection in the spherical panel,First outermost spiral arc started near Great Circle projection of y-axis; stopped before dashed back-hemisphere of y = 0,2026-08-04T08:04:39Z
AOG_P07_SPHERICAL_PROJECTION,ef8b7d652edea5227166e54ca1bf6e81a4c02afd0d78c9d793e615a2db6906f6,afb1df2172f081fa426f2f86c56912079116f6441ba64df367861d00375fddc4,AOG-LM-P07-SPIRAL-SPHERICAL,1,Salah-Eddin Gherbi,S06,10,1178.0734279,691.873134949,14,thick reciprocal-spiral projection in the spherical panel,First outermost spiral arc started near Great Circle projection of y-axis; stopped before dashed back-hemisphere of y = 0,2026-08-04T08:04:39Z
AOG_P07_SPHERICAL_PROJECTION,ef8b7d652edea5227166e54ca1bf6e81a4c02afd0d78c9d793e615a2db6906f6,afb1df2172f081fa426f2f86c56912079116f6441ba64df367861d00375fddc4,AOG-LM-P07-SPIRAL-SPHERICAL,1,Salah-Eddin Gherbi,S06,11,1177.40152656,687.169825583,14,thick reciprocal-spiral projection in the spherical panel,First outermost spiral arc started near Great Circle projection of y-axis; stopped before dashed back-hemisphere of y = 0,2026-08-04T08:04:39Z
AOG_P07_SPHERICAL_PROJECTION,ef8b7d652edea5227166e54ca1bf6e81a4c02afd0d78c9d793e615a2db6906f6,afb1df2172f081fa426f2f86c56912079116f6441ba64df367861d00375fddc4,AOG-LM-P07-SPIRAL-SPHERICAL,1,Salah-Eddin Gherbi,S06,12,1176.89760056,682.802466886,14,thick reciprocal-spiral projection in the spherical panel,First outermost spiral arc started near Great Circle projection of y-axis; stopped before dashed back-hemisphere of y = 0,2026-08-04T08:04:39Z
AOG_P07_SPHERICAL_PROJECTION,ef8b7d652edea5227166e54ca1bf6e81a4c02afd0d78c9d793e615a2db6906f6,afb1df2172f081fa426f2f86c56912079116f6441ba64df367861d00375fddc4,AOG-LM-P07-SPIRAL-SPHERICAL,1,Salah-Eddin Gherbi,S06,13,1177.06557589,677.763206851,14,thick reciprocal-spiral projection in the spherical panel,First outermost spiral arc started near Great Circle projection of y-axis; stopped before dashed back-hemisphere of y = 0,2026-08-04T08:04:39Z
AOG_P07_SPHERICAL_PROJECTION,ef8b7d652edea5227166e54ca1bf6e81a4c02afd0d78c9d793e615a2db6906f6,afb1df2172f081fa426f2f86c56912079116f6441ba64df367861d00375fddc4,AOG-LM-P07-SPIRAL-SPHERICAL,1,Salah-Eddin Gherbi,S06,14,1177.40152656,672.723946816,14,thick reciprocal-spiral projection in the spherical panel,First outermost spiral arc started near Great Circle projection of y-axis; stopped before dashed back-hemisphere of y = 0,2026-08-04T08:04:39Z
AOG_P07_SPHERICAL_PROJECTION,ef8b7d652edea5227166e54ca1bf6e81a4c02afd0d78c9d793e615a2db6906f6,afb1df2172f081fa426f2f86c56912079116f6441ba64df367861d00375fddc4,AOG-LM-P07-SPIRAL-SPHERICAL,1,Salah-Eddin Gherbi,S06,15,1177.90545256,668.860514122,14,thick reciprocal-spiral projection in the spherical panel,First outermost spiral arc started near Great Circle projection of y-axis; stopped before dashed back-hemisphere of y = 0,2026-08-04T08:04:39Z
AOG_P07_SPHERICAL_PROJECTION,ef8b7d652edea5227166e54ca1bf6e81a4c02afd0d78c9d793e615a2db6906f6,afb1df2172f081fa426f2f86c56912079116f6441ba64df367861d00375fddc4,AOG-LM-P07-SPIRAL-SPHERICAL,1,Salah-Eddin Gherbi,S06,16,1179.0812799,664.157204756,14,thick reciprocal-spiral projection in the spherical panel,First outermost spiral arc started near Great Circle projection of y-axis; stopped before dashed back-hemisphere of y = 0,2026-08-04T08:04:39Z
AOG_P07_SPHERICAL_PROJECTION,ef8b7d652edea5227166e54ca1bf6e81a4c02afd0d78c9d793e615a2db6906f6,afb1df2172f081fa426f2f86c56912079116f6441ba64df367861d00375fddc4,AOG-LM-P07-SPIRAL-SPHERICAL,1,Salah-Eddin Gherbi,S06,17,1180.25710725,659.621870725,14,thick reciprocal-spiral projection in the spherical panel,First outermost spiral arc started near Great Circle projection of y-axis; stopped before dashed back-hemisphere of y = 0,2026-08-04T08:04:39Z
AOG_P07_SPHERICAL_PROJECTION,ef8b7d652edea5227166e54ca1bf6e81a4c02afd0d78c9d793e615a2db6906f6,afb1df2172f081fa426f2f86c56912079116f6441ba64df367861d00375fddc4,AOG-LM-P07-SPIRAL-SPHERICAL,1,Salah-Eddin Gherbi,S06,18,1181.60090992,654.750586024,14,thick reciprocal-spiral projection in the spherical panel,First outermost spiral arc started near Great Circle projection of y-axis; stopped before dashed back-hemisphere of y = 0,2026-08-04T08:04:39Z
AOG_P07_SPHERICAL_PROJECTION,ef8b7d652edea5227166e54ca1bf6e81a4c02afd0d78c9d793e615a2db6906f6,afb1df2172f081fa426f2f86c56912079116f6441ba64df367861d00375fddc4,AOG-LM-P07-SPIRAL-SPHERICAL,1,Salah-Eddin Gherbi,S06,19,1182.9447126,649.37537532,14,thick reciprocal-spiral projection in the spherical panel,First outermost spiral arc started near Great Circle projection of y-axis; stopped before dashed back-hemisphere of y = 0,2026-08-04T08:04:39Z
AOG_P07_SPHERICAL_PROJECTION,ef8b7d652edea5227166e54ca1bf6e81a4c02afd0d78c9d793e615a2db6906f6,afb1df2172f081fa426f2f86c56912079116f6441ba64df367861d00375fddc4,AOG-LM-P07-SPIRAL-SPHERICAL,1,Salah-Eddin Gherbi,S06,20,1184.79244128,644.504090619,14,thick reciprocal-spiral projection in the spherical panel,First outermost spiral arc started near Great Circle projection of y-axis; stopped before dashed back-hemisphere of y = 0,2026-08-04T08:04:39Z
AOG_P07_SPHERICAL_PROJECTION,ef8b7d652edea5227166e54ca1bf6e81a4c02afd0d78c9d793e615a2db6906f6,afb1df2172f081fa426f2f86c56912079116f6441ba64df367861d00375fddc4,AOG-LM-P07-SPIRAL-SPHERICAL,1,Salah-Eddin Gherbi,S06,21,1187.3120713,639.128879915,14,thick reciprocal-spiral projection in the spherical panel,First outermost spiral arc started near Great Circle projection of y-axis; stopped before dashed back-hemisphere of y = 0,2026-08-04T08:04:39Z
AOG_P07_SPHERICAL_PROJECTION,ef8b7d652edea5227166e54ca1bf6e81a4c02afd0d78c9d793e615a2db6906f6,afb1df2172f081fa426f2f86c56912079116f6441ba64df367861d00375fddc4,AOG-LM-P07-SPIRAL-SPHERICAL,1,Salah-Eddin Gherbi,S06,22,1189.66372598,635.265447222,14,thick reciprocal-spiral projection in the spherical panel,First outermost spiral arc started near Great Circle projection of y-axis; stopped before dashed back-hemisphere of y = 0,2026-08-04T08:04:39Z
AOG_P07_SPHERICAL_PROJECTION,ef8b7d652edea5227166e54ca1bf6e81a4c02afd0d78c9d793e615a2db6906f6,afb1df2172f081fa426f2f86c56912079116f6441ba64df367861d00375fddc4,AOG-LM-P07-SPIRAL-SPHERICAL,1,Salah-Eddin Gherbi,S06,23,1192.01538066,631.905940532,14,thick reciprocal-spiral projection in the spherical panel,First outermost spiral arc started near Great Circle projection of y-axis; stopped before dashed back-hemisphere of y = 0,2026-08-04T08:04:39Z
AOG_P07_SPHERICAL_PROJECTION,ef8b7d652edea5227166e54ca1bf6e81a4c02afd0d78c9d793e615a2db6906f6,afb1df2172f081fa426f2f86c56912079116f6441ba64df367861d00375fddc4,AOG-LM-P07-SPIRAL-SPHERICAL,1,Salah-Eddin Gherbi,S06,24,1194.53501068,628.210483173,14,thick reciprocal-spiral projection in the spherical panel,First outermost spiral arc started near Great Circle projection of y-axis; stopped before dashed back-hemisphere of y = 0,2026-08-04T08:04:39Z
AOG_P07_SPHERICAL_PROJECTION,ef8b7d652edea5227166e54ca1bf6e81a4c02afd0d78c9d793e615a2db6906f6,afb1df2172f081fa426f2f86c56912079116f6441ba64df367861d00375fddc4,AOG-LM-P07-SPIRAL-SPHERICAL,1,Salah-Eddin Gherbi,S06,25,1196.88666536,625.018951817,14,thick reciprocal-spiral projection in the spherical panel,First outermost spiral arc started near Great Circle projection of y-axis; stopped before dashed back-hemisphere of y = 0,2026-08-04T08:04:39Z
AOG_P07_SPHERICAL_PROJECTION,ef8b7d652edea5227166e54ca1bf6e81a4c02afd0d78c9d793e615a2db6906f6,afb1df2172f081fa426f2f86c56912079116f6441ba64df367861d00375fddc4,AOG-LM-P07-SPIRAL-SPHERICAL,1,Salah-Eddin Gherbi,S06,26,1199.91022138,622.4993218,14,thick reciprocal-spiral projection in the spherical panel,First outermost spiral arc started near Great Circle projection of y-axis; stopped before dashed back-hemisphere of y = 0,2026-08-04T08:04:39Z
AOG_P07_SPHERICAL_PROJECTION,ef8b7d652edea5227166e54ca1bf6e81a4c02afd0d78c9d793e615a2db6906f6,afb1df2172f081fa426f2f86c56912079116f6441ba64df367861d00375fddc4,AOG-LM-P07-SPIRAL-SPHERICAL,1,Salah-Eddin Gherbi,S06,27,1201.75795006,620.483617786,14,thick reciprocal-spiral projection in the spherical panel,First outermost spiral arc started near Great Circle projection of y-axis; stopped before dashed back-hemisphere of y = 0,2026-08-04T08:04:39Z
AOG_P07_SPHERICAL_PROJECTION,ef8b7d652edea5227166e54ca1bf6e81a4c02afd0d78c9d793e615a2db6906f6,afb1df2172f081fa426f2f86c56912079116f6441ba64df367861d00375fddc4,AOG-LM-P07-SPIRAL-SPHERICAL,1,Salah-Eddin Gherbi,S07,0,1206.4993702,617.033535305,14,thick reciprocal-spiral projection in the spherical panel,Second outermost spiral arc started near dashed back-hemisphere of y = 0; stopped before Great Circle projection of y-axis,2026-08-04T08:07:07Z
AOG_P07_SPHERICAL_PROJECTION,ef8b7d652edea5227166e54ca1bf6e81a4c02afd0d78c9d793e615a2db6906f6,afb1df2172f081fa426f2f86c56912079116f6441ba64df367861d00375fddc4,AOG-LM-P07-SPIRAL-SPHERICAL,1,Salah-Eddin Gherbi,S07,1,1209.76070948,614.9065749,14,thick reciprocal-spiral projection in the spherical panel,Second outermost spiral arc started near dashed back-hemisphere of y = 0; stopped before Great Circle projection of y-axis,2026-08-04T08:07:07Z
AOG_P07_SPHERICAL_PROJECTION,ef8b7d652edea5227166e54ca1bf6e81a4c02afd0d78c9d793e615a2db6906f6,afb1df2172f081fa426f2f86c56912079116f6441ba64df367861d00375fddc4,AOG-LM-P07-SPIRAL-SPHERICAL,1,Salah-Eddin Gherbi,S07,2,1212.02946725,613.205006577,14,thick reciprocal-spiral projection in the spherical panel,Second outermost spiral arc started near dashed back-hemisphere of y = 0; stopped before Great Circle projection of y-axis,2026-08-04T08:07:07Z
AOG_P07_SPHERICAL_PROJECTION,ef8b7d652edea5227166e54ca1bf6e81a4c02afd0d78c9d793e615a2db6906f6,afb1df2172f081fa426f2f86c56912079116f6441ba64df367861d00375fddc4,AOG-LM-P07-SPIRAL-SPHERICAL,1,Salah-Eddin Gherbi,S07,3,1215.29080653,611.787032974,14,thick reciprocal-spiral projection in the spherical panel,Second outermost spiral arc started near dashed back-hemisphere of y = 0; stopped before Great Circle projection of y-axis,2026-08-04T08:07:07Z
AOG_P07_SPHERICAL_PROJECTION,ef8b7d652edea5227166e54ca1bf6e81a4c02afd0d78c9d793e615a2db6906f6,afb1df2172f081fa426f2f86c56912079116f6441ba64df367861d00375fddc4,AOG-LM-P07-SPIRAL-SPHERICAL,1,Salah-Eddin Gherbi,S07,4,1219.11933526,610.227262011,14,thick reciprocal-spiral projection in the spherical panel,Second outermost spiral arc started near dashed back-hemisphere of y = 0; stopped before Great Circle projection of y-axis,2026-08-04T08:07:07Z
AOG_P07_SPHERICAL_PROJECTION,ef8b7d652edea5227166e54ca1bf6e81a4c02afd0d78c9d793e615a2db6906f6,afb1df2172f081fa426f2f86c56912079116f6441ba64df367861d00375fddc4,AOG-LM-P07-SPIRAL-SPHERICAL,1,Salah-Eddin Gherbi,S07,5,1223.51505343,608.667491047,14,thick reciprocal-spiral projection in the spherical panel,Second outermost spiral arc started near dashed back-hemisphere of y = 0; stopped before Great Circle projection of y-axis,2026-08-04T08:07:07Z
AOG_P07_SPHERICAL_PROJECTION,ef8b7d652edea5227166e54ca1bf6e81a4c02afd0d78c9d793e615a2db6906f6,afb1df2172f081fa426f2f86c56912079116f6441ba64df367861d00375fddc4,AOG-LM-P07-SPIRAL-SPHERICAL,1,Salah-Eddin Gherbi,S07,6,1227.05998744,607.391314805,14,thick reciprocal-spiral projection in the spherical panel,Second outermost spiral arc started near dashed back-hemisphere of y = 0; stopped before Great Circle projection of y-axis,2026-08-04T08:07:07Z
AOG_P07_SPHERICAL_PROJECTION,ef8b7d652edea5227166e54ca1bf6e81a4c02afd0d78c9d793e615a2db6906f6,afb1df2172f081fa426f2f86c56912079116f6441ba64df367861d00375fddc4,AOG-LM-P07-SPIRAL-SPHERICAL,1,Salah-Eddin Gherbi,S07,7,1231.17211089,606.682328003,14,thick reciprocal-spiral projection in the spherical panel,Second outermost spiral arc started near dashed back-hemisphere of y = 0; stopped before Great Circle projection of y-axis,2026-08-04T08:07:07Z
AOG_P07_SPHERICAL_PROJECTION,ef8b7d652edea5227166e54ca1bf6e81a4c02afd0d78c9d793e615a2db6906f6,afb1df2172f081fa426f2f86c56912079116f6441ba64df367861d00375fddc4,AOG-LM-P07-SPIRAL-SPHERICAL,1,Salah-Eddin Gherbi,S07,8,1236.1350185,605.973341202,14,thick reciprocal-spiral projection in the spherical panel,Second outermost spiral arc started near dashed back-hemisphere of y = 0; stopped before Great Circle projection of y-axis,2026-08-04T08:07:07Z
AOG_P07_SPHERICAL_PROJECTION,ef8b7d652edea5227166e54ca1bf6e81a4c02afd0d78c9d793e615a2db6906f6,afb1df2172f081fa426f2f86c56912079116f6441ba64df367861d00375fddc4,AOG-LM-P07-SPIRAL-SPHERICAL,1,Salah-Eddin Gherbi,S07,9,1240.81433139,605.547949121,14,thick reciprocal-spiral projection in the spherical panel,Second outermost spiral arc started near dashed back-hemisphere of y = 0; stopped before Great Circle projection of y-axis,2026-08-04T08:07:07Z
AOG_P07_SPHERICAL_PROJECTION,ef8b7d652edea5227166e54ca1bf6e81a4c02afd0d78c9d793e615a2db6906f6,afb1df2172f081fa426f2f86c56912079116f6441ba64df367861d00375fddc4,AOG-LM-P07-SPIRAL-SPHERICAL,1,Salah-Eddin Gherbi,S07,10,1245.91903636,605.12255704,14,thick reciprocal-spiral projection in the spherical panel,Second outermost spiral arc started near dashed back-hemisphere of y = 0; stopped before Great Circle projection of y-axis,2026-08-04T08:07:07Z
AOG_P07_SPHERICAL_PROJECTION,ef8b7d652edea5227166e54ca1bf6e81a4c02afd0d78c9d793e615a2db6906f6,afb1df2172f081fa426f2f86c56912079116f6441ba64df367861d00375fddc4,AOG-LM-P07-SPIRAL-SPHERICAL,1,Salah-Eddin Gherbi,S07,11,1252.15812021,604.83896232,14,thick reciprocal-spiral projection in the spherical panel,Second outermost spiral arc started near dashed back-hemisphere of y = 0; stopped before Great Circle projection of y-axis,2026-08-04T08:07:07Z
AOG_P07_SPHERICAL_PROJECTION,ef8b7d652edea5227166e54ca1bf6e81a4c02afd0d78c9d793e615a2db6906f6,afb1df2172f081fa426f2f86c56912079116f6441ba64df367861d00375fddc4,AOG-LM-P07-SPIRAL-SPHERICAL,1,Salah-Eddin Gherbi,S07,12,1257.68821726,604.555367599,14,thick reciprocal-spiral projection in the spherical panel,Second outermost spiral arc started near dashed back-hemisphere of y = 0; stopped before Great Circle projection of y-axis,2026-08-04T08:07:07Z
AOG_P07_SPHERICAL_PROJECTION,ef8b7d652edea5227166e54ca1bf6e81a4c02afd0d78c9d793e615a2db6906f6,afb1df2172f081fa426f2f86c56912079116f6441ba64df367861d00375fddc4,AOG-LM-P07-SPIRAL-SPHERICAL,1,Salah-Eddin Gherbi,S07,13,1263.21831431,604.697164959,14,thick reciprocal-spiral projection in the spherical panel,Second outermost spiral arc started near dashed back-hemisphere of y = 0; stopped before Great Circle projection of y-axis,2026-08-04T08:07:07Z
AOG_P07_SPHERICAL_PROJECTION,ef8b7d652edea5227166e54ca1bf6e81a4c02afd0d78c9d793e615a2db6906f6,afb1df2172f081fa426f2f86c56912079116f6441ba64df367861d00375fddc4,AOG-LM-P07-SPIRAL-SPHERICAL,1,Salah-Eddin Gherbi,S07,14,1267.8976272,604.83896232,14,thick reciprocal-spiral projection in the spherical panel,Second outermost spiral arc started near dashed back-hemisphere of y = 0; stopped before Great Circle projection of y-axis,2026-08-04T08:07:07Z
AOG_P07_SPHERICAL_PROJECTION,ef8b7d652edea5227166e54ca1bf6e81a4c02afd0d78c9d793e615a2db6906f6,afb1df2172f081fa426f2f86c56912079116f6441ba64df367861d00375fddc4,AOG-LM-P07-SPIRAL-SPHERICAL,1,Salah-Eddin Gherbi,S07,15,1273.42772425,605.547949121,14,thick reciprocal-spiral projection in the spherical panel,Second outermost spiral arc started near dashed back-hemisphere of y = 0; stopped before Great Circle projection of y-axis,2026-08-04T08:07:07Z
AOG_P07_SPHERICAL_PROJECTION,ef8b7d652edea5227166e54ca1bf6e81a4c02afd0d78c9d793e615a2db6906f6,afb1df2172f081fa426f2f86c56912079116f6441ba64df367861d00375fddc4,AOG-LM-P07-SPIRAL-SPHERICAL,1,Salah-Eddin Gherbi,S07,16,1278.67422659,606.398733283,14,thick reciprocal-spiral projection in the spherical panel,Second outermost spiral arc started near dashed back-hemisphere of y = 0; stopped before Great Circle projection of y-axis,2026-08-04T08:07:07Z
AOG_P07_SPHERICAL_PROJECTION,ef8b7d652edea5227166e54ca1bf6e81a4c02afd0d78c9d793e615a2db6906f6,afb1df2172f081fa426f2f86c56912079116f6441ba64df367861d00375fddc4,AOG-LM-P07-SPIRAL-SPHERICAL,1,Salah-Eddin Gherbi,S07,17,1283.35353948,607.391314805,14,thick reciprocal-spiral projection in the spherical panel,Second outermost spiral arc started near dashed back-hemisphere of y = 0; stopped before Great Circle projection of y-axis,2026-08-04T08:07:07Z
AOG_P07_SPHERICAL_PROJECTION,ef8b7d652edea5227166e54ca1bf6e81a4c02afd0d78c9d793e615a2db6906f6,afb1df2172f081fa426f2f86c56912079116f6441ba64df367861d00375fddc4,AOG-LM-P07-SPIRAL-SPHERICAL,1,Salah-Eddin Gherbi,S07,18,1287.32386556,608.951085768,14,thick reciprocal-spiral projection in the spherical panel,Second outermost spiral arc started near dashed back-hemisphere of y = 0; stopped before Great Circle projection of y-axis,2026-08-04T08:07:07Z
AOG_P07_SPHERICAL_PROJECTION,ef8b7d652edea5227166e54ca1bf6e81a4c02afd0d78c9d793e615a2db6906f6,afb1df2172f081fa426f2f86c56912079116f6441ba64df367861d00375fddc4,AOG-LM-P07-SPIRAL-SPHERICAL,1,Salah-Eddin Gherbi,S07,19,1291.71958373,611.078046172,14,thick reciprocal-spiral projection in the spherical panel,Second outermost spiral arc started near dashed back-hemisphere of y = 0; stopped before Great Circle projection of y-axis,2026-08-04T08:07:07Z
AOG_P07_SPHERICAL_PROJECTION,ef8b7d652edea5227166e54ca1bf6e81a4c02afd0d78c9d793e615a2db6906f6,afb1df2172f081fa426f2f86c56912079116f6441ba64df367861d00375fddc4,AOG-LM-P07-SPIRAL-SPHERICAL,1,Salah-Eddin Gherbi,S07,20,1295.26451774,612.779614496,14,thick reciprocal-spiral projection in the spherical panel,Second outermost spiral arc started near dashed back-hemisphere of y = 0; stopped before Great Circle projection of y-axis,2026-08-04T08:07:07Z
AOG_P07_SPHERICAL_PROJECTION,ef8b7d652edea5227166e54ca1bf6e81a4c02afd0d78c9d793e615a2db6906f6,afb1df2172f081fa426f2f86c56912079116f6441ba64df367861d00375fddc4,AOG-LM-P07-SPIRAL-SPHERICAL,1,Salah-Eddin Gherbi,S07,21,1299.80203327,615.331966981,14,thick reciprocal-spiral projection in the spherical panel,Second outermost spiral arc started near dashed back-hemisphere of y = 0; stopped before Great Circle projection of y-axis,2026-08-04T08:07:07Z
AOG_P07_SPHERICAL_PROJECTION,ef8b7d652edea5227166e54ca1bf6e81a4c02afd0d78c9d793e615a2db6906f6,afb1df2172f081fa426f2f86c56912079116f6441ba64df367861d00375fddc4,AOG-LM-P07-SPIRAL-SPHERICAL,1,Salah-Eddin Gherbi,S07,22,1303.630562,618.026116827,14,thick reciprocal-spiral projection in the spherical panel,Second outermost spiral arc started near dashed back-hemisphere of y = 0; stopped before Great Circle projection of y-axis,2026-08-04T08:07:07Z
AOG_P07_SPHERICAL_PROJECTION,ef8b7d652edea5227166e54ca1bf6e81a4c02afd0d78c9d793e615a2db6906f6,afb1df2172f081fa426f2f86c56912079116f6441ba64df367861d00375fddc4,AOG-LM-P07-SPIRAL-SPHERICAL,1,Salah-Eddin Gherbi,S07,23,1307.88448281,621.003861393,14,thick reciprocal-spiral projection in the spherical panel,Second outermost spiral arc started near dashed back-hemisphere of y = 0; stopped before Great Circle projection of y-axis,2026-08-04T08:07:07Z
AOG_P07_SPHERICAL_PROJECTION,ef8b7d652edea5227166e54ca1bf6e81a4c02afd0d78c9d793e615a2db6906f6,afb1df2172f081fa426f2f86c56912079116f6441ba64df367861d00375fddc4,AOG-LM-P07-SPIRAL-SPHERICAL,1,Salah-Eddin Gherbi,S07,24,1311.71301153,623.698011239,14,thick reciprocal-spiral projection in the spherical panel,Second outermost spiral arc started near dashed back-hemisphere of y = 0; stopped before Great Circle projection of y-axis,2026-08-04T08:07:07Z
AOG_P07_SPHERICAL_PROJECTION,ef8b7d652edea5227166e54ca1bf6e81a4c02afd0d78c9d793e615a2db6906f6,afb1df2172f081fa426f2f86c56912079116f6441ba64df367861d00375fddc4,AOG-LM-P07-SPIRAL-SPHERICAL,1,Salah-Eddin Gherbi,S07,25,1314.83255346,626.533958444,14,thick reciprocal-spiral projection in the spherical panel,Second outermost spiral arc started near dashed back-hemisphere of y = 0; stopped before Great Circle projection of y-axis,2026-08-04T08:07:07Z
AOG_P07_SPHERICAL_PROJECTION,ef8b7d652edea5227166e54ca1bf6e81a4c02afd0d78c9d793e615a2db6906f6,afb1df2172f081fa426f2f86c56912079116f6441ba64df367861d00375fddc4,AOG-LM-P07-SPIRAL-SPHERICAL,1,Salah-Eddin Gherbi,S07,26,1317.95209539,629.08631093,14,thick reciprocal-spiral projection in the spherical panel,Second outermost spiral arc started near dashed back-hemisphere of y = 0; stopped before Great Circle projection of y-axis,2026-08-04T08:07:07Z
AOG_P07_SPHERICAL_PROJECTION,ef8b7d652edea5227166e54ca1bf6e81a4c02afd0d78c9d793e615a2db6906f6,afb1df2172f081fa426f2f86c56912079116f6441ba64df367861d00375fddc4,AOG-LM-P07-SPIRAL-SPHERICAL,1,Salah-Eddin Gherbi,S07,27,1321.07163731,632.347650216,14,thick reciprocal-spiral projection in the spherical panel,Second outermost spiral arc started near dashed back-hemisphere of y = 0; stopped before Great Circle projection of y-axis,2026-08-04T08:07:07Z
AOG_P07_SPHERICAL_PROJECTION,ef8b7d652edea5227166e54ca1bf6e81a4c02afd0d78c9d793e615a2db6906f6,afb1df2172f081fa426f2f86c56912079116f6441ba64df367861d00375fddc4,AOG-LM-P07-SPIRAL-SPHERICAL,1,Salah-Eddin Gherbi,S07,28,1323.90758452,635.183597422,14,thick reciprocal-spiral projection in the spherical panel,Second outermost spiral arc started near dashed back-hemisphere of y = 0; stopped before Great Circle projection of y-axis,2026-08-04T08:07:07Z
AOG_P07_SPHERICAL_PROJECTION,ef8b7d652edea5227166e54ca1bf6e81a4c02afd0d78c9d793e615a2db6906f6,afb1df2172f081fa426f2f86c56912079116f6441ba64df367861d00375fddc4,AOG-LM-P07-SPIRAL-SPHERICAL,1,Salah-Eddin Gherbi,S07,29,1326.17634228,637.877747268,14,thick reciprocal-spiral projection in the spherical panel,Second outermost spiral arc started near dashed back-hemisphere of y = 0; stopped before Great Circle projection of y-axis,2026-08-04T08:07:07Z
AOG_P07_SPHERICAL_PROJECTION,ef8b7d652edea5227166e54ca1bf6e81a4c02afd0d78c9d793e615a2db6906f6,afb1df2172f081fa426f2f86c56912079116f6441ba64df367861d00375fddc4,AOG-LM-P07-SPIRAL-SPHERICAL,1,Salah-Eddin Gherbi,S07,30,1329.15408685,640.430099753,14,thick reciprocal-spiral projection in the spherical panel,Second outermost spiral arc started near dashed back-hemisphere of y = 0; stopped before Great Circle projection of y-axis,2026-08-04T08:07:07Z
AOG_P07_SPHERICAL_PROJECTION,ef8b7d652edea5227166e54ca1bf6e81a4c02afd0d78c9d793e615a2db6906f6,afb1df2172f081fa426f2f86c56912079116f6441ba64df367861d00375fddc4,AOG-LM-P07-SPIRAL-SPHERICAL,1,Salah-Eddin Gherbi,S07,31,1331.42284461,642.840654878,14,thick reciprocal-spiral projection in the spherical panel,Second outermost spiral arc started near dashed back-hemisphere of y = 0; stopped before Great Circle projection of y-axis,2026-08-04T08:07:07Z
AOG_P07_SPHERICAL_PROJECTION,ef8b7d652edea5227166e54ca1bf6e81a4c02afd0d78c9d793e615a2db6906f6,afb1df2172f081fa426f2f86c56912079116f6441ba64df367861d00375fddc4,AOG-LM-P07-SPIRAL-SPHERICAL,1,Salah-Eddin Gherbi,S07,32,1333.12441294,644.684020562,14,thick reciprocal-spiral projection in the spherical panel,Second outermost spiral arc started near dashed back-hemisphere of y = 0; stopped before Great Circle projection of y-axis,2026-08-04T08:07:07Z
AOG_P07_SPHERICAL_PROJECTION,ef8b7d652edea5227166e54ca1bf6e81a4c02afd0d78c9d793e615a2db6906f6,afb1df2172f081fa426f2f86c56912079116f6441ba64df367861d00375fddc4,AOG-LM-P07-SPIRAL-SPHERICAL,1,Salah-Eddin Gherbi,S08,0,1337.8569871,652.127269414,14,thick reciprocal-spiral projection in the spherical panel,First long end spiral started near Great Circle projection of y-axis; stopped before the white marker dot,2026-08-04T08:11:04Z
AOG_P07_SPHERICAL_PROJECTION,ef8b7d652edea5227166e54ca1bf6e81a4c02afd0d78c9d793e615a2db6906f6,afb1df2172f081fa426f2f86c56912079116f6441ba64df367861d00375fddc4,AOG-LM-P07-SPIRAL-SPHERICAL,1,Salah-Eddin Gherbi,S08,1,1340.37661712,655.10501398,14,thick reciprocal-spiral projection in the spherical panel,First long end spiral started near Great Circle projection of y-axis; stopped before the white marker dot,2026-08-04T08:11:04Z
AOG_P07_SPHERICAL_PROJECTION,ef8b7d652edea5227166e54ca1bf6e81a4c02afd0d78c9d793e615a2db6906f6,afb1df2172f081fa426f2f86c56912079116f6441ba64df367861d00375fddc4,AOG-LM-P07-SPIRAL-SPHERICAL,1,Salah-Eddin Gherbi,S08,2,1342.89624713,659.457102192,14,thick reciprocal-spiral projection in the spherical panel,First long end spiral started near Great Circle projection of y-axis; stopped before the white marker dot,2026-08-04T08:11:04Z
AOG_P07_SPHERICAL_PROJECTION,ef8b7d652edea5227166e54ca1bf6e81a4c02afd0d78c9d793e615a2db6906f6,afb1df2172f081fa426f2f86c56912079116f6441ba64df367861d00375fddc4,AOG-LM-P07-SPIRAL-SPHERICAL,1,Salah-Eddin Gherbi,S08,3,1344.9577626,663.351075855,14,thick reciprocal-spiral projection in the spherical panel,First long end spiral started near Great Circle projection of y-axis; stopped before the white marker dot,2026-08-04T08:11:04Z
AOG_P07_SPHERICAL_PROJECTION,ef8b7d652edea5227166e54ca1bf6e81a4c02afd0d78c9d793e615a2db6906f6,afb1df2172f081fa426f2f86c56912079116f6441ba64df367861d00375fddc4,AOG-LM-P07-SPIRAL-SPHERICAL,1,Salah-Eddin Gherbi,S08,4,1347.70644989,667.932221342,14,thick reciprocal-spiral projection in the spherical panel,First long end spiral started near Great Circle projection of y-axis; stopped before the white marker dot,2026-08-04T08:11:04Z
AOG_P07_SPHERICAL_PROJECTION,ef8b7d652edea5227166e54ca1bf6e81a4c02afd0d78c9d793e615a2db6906f6,afb1df2172f081fa426f2f86c56912079116f6441ba64df367861d00375fddc4,AOG-LM-P07-SPIRAL-SPHERICAL,1,Salah-Eddin Gherbi,S08,5,1350.22607991,672.513366828,14,thick reciprocal-spiral projection in the spherical panel,First long end spiral started near Great Circle projection of y-axis; stopped before the white marker dot,2026-08-04T08:11:04Z
AOG_P07_SPHERICAL_PROJECTION,ef8b7d652edea5227166e54ca1bf6e81a4c02afd0d78c9d793e615a2db6906f6,afb1df2172f081fa426f2f86c56912079116f6441ba64df367861d00375fddc4,AOG-LM-P07-SPIRAL-SPHERICAL,1,Salah-Eddin Gherbi,S08,6,1352.28759538,676.636397766,14,thick reciprocal-spiral projection in the spherical panel,First long end spiral started near Great Circle projection of y-axis; stopped before the white marker dot,2026-08-04T08:11:04Z
AOG_P07_SPHERICAL_PROJECTION,ef8b7d652edea5227166e54ca1bf6e81a4c02afd0d78c9d793e615a2db6906f6,afb1df2172f081fa426f2f86c56912079116f6441ba64df367861d00375fddc4,AOG-LM-P07-SPIRAL-SPHERICAL,1,Salah-Eddin Gherbi,S08,7,1354.8072254,681.446600527,14,thick reciprocal-spiral projection in the spherical panel,First long end spiral started near Great Circle projection of y-axis; stopped before the white marker dot,2026-08-04T08:11:04Z
AOG_P07_SPHERICAL_PROJECTION,ef8b7d652edea5227166e54ca1bf6e81a4c02afd0d78c9d793e615a2db6906f6,afb1df2172f081fa426f2f86c56912079116f6441ba64df367861d00375fddc4,AOG-LM-P07-SPIRAL-SPHERICAL,1,Salah-Eddin Gherbi,S08,8,1357.78496996,685.798688739,14,thick reciprocal-spiral projection in the spherical panel,First long end spiral started near Great Circle projection of y-axis; stopped before the white marker dot,2026-08-04T08:11:04Z
AOG_P07_SPHERICAL_PROJECTION,ef8b7d652edea5227166e54ca1bf6e81a4c02afd0d78c9d793e615a2db6906f6,afb1df2172f081fa426f2f86c56912079116f6441ba64df367861d00375fddc4,AOG-LM-P07-SPIRAL-SPHERICAL,1,Salah-Eddin Gherbi,S08,9,1359.38837088,690.379834225,14,thick reciprocal-spiral projection in the spherical panel,First long end spiral started near Great Circle projection of y-axis; stopped before the white marker dot,2026-08-04T08:11:04Z
AOG_P07_SPHERICAL_PROJECTION,ef8b7d652edea5227166e54ca1bf6e81a4c02afd0d78c9d793e615a2db6906f6,afb1df2172f081fa426f2f86c56912079116f6441ba64df367861d00375fddc4,AOG-LM-P07-SPIRAL-SPHERICAL,1,Salah-Eddin Gherbi,S08,10,1361.44988635,694.273807889,14,thick reciprocal-spiral projection in the spherical panel,First long end spiral started near Great Circle projection of y-axis; stopped before the white marker dot,2026-08-04T08:11:04Z
AOG_P07_SPHERICAL_PROJECTION,ef8b7d652edea5227166e54ca1bf6e81a4c02afd0d78c9d793e615a2db6906f6,afb1df2172f081fa426f2f86c56912079116f6441ba64df367861d00375fddc4,AOG-LM-P07-SPIRAL-SPHERICAL,1,Salah-Eddin Gherbi,S08,11,1363.51140182,699.542125198,14,thick reciprocal-spiral projection in the spherical panel,First long end spiral started near Great Circle projection of y-axis; stopped before the white marker dot,2026-08-04T08:11:04Z
AOG_P07_SPHERICAL_PROJECTION,ef8b7d652edea5227166e54ca1bf6e81a4c02afd0d78c9d793e615a2db6906f6,afb1df2172f081fa426f2f86c56912079116f6441ba64df367861d00375fddc4,AOG-LM-P07-SPIRAL-SPHERICAL,1,Salah-Eddin Gherbi,S08,12,1365.80197457,703.89421341,14,thick reciprocal-spiral projection in the spherical panel,First long end spiral started near Great Circle projection of y-axis; stopped before the white marker dot,2026-08-04T08:11:04Z
AOG_P07_SPHERICAL_PROJECTION,ef8b7d652edea5227166e54ca1bf6e81a4c02afd0d78c9d793e615a2db6906f6,afb1df2172f081fa426f2f86c56912079116f6441ba64df367861d00375fddc4,AOG-LM-P07-SPIRAL-SPHERICAL,1,Salah-Eddin Gherbi,S08,13,1367.86349003,708.246301622,14,thick reciprocal-spiral projection in the spherical panel,First long end spiral started near Great Circle projection of y-axis; stopped before the white marker dot,2026-08-04T08:11:04Z
AOG_P07_SPHERICAL_PROJECTION,ef8b7d652edea5227166e54ca1bf6e81a4c02afd0d78c9d793e615a2db6906f6,afb1df2172f081fa426f2f86c56912079116f6441ba64df367861d00375fddc4,AOG-LM-P07-SPIRAL-SPHERICAL,1,Salah-Eddin Gherbi,S08,14,1370.15406278,713.743676206,14,thick reciprocal-spiral projection in the spherical panel,First long end spiral started near Great Circle projection of y-axis; stopped before the white marker dot,2026-08-04T08:11:04Z
AOG_P07_SPHERICAL_PROJECTION,ef8b7d652edea5227166e54ca1bf6e81a4c02afd0d78c9d793e615a2db6906f6,afb1df2172f081fa426f2f86c56912079116f6441ba64df367861d00375fddc4,AOG-LM-P07-SPIRAL-SPHERICAL,1,Salah-Eddin Gherbi,S08,15,1372.44463552,718.324821692,14,thick reciprocal-spiral projection in the spherical panel,First long end spiral started near Great Circle projection of y-axis; stopped before the white marker dot,2026-08-04T08:11:04Z
AOG_P07_SPHERICAL_PROJECTION,ef8b7d652edea5227166e54ca1bf6e81a4c02afd0d78c9d793e615a2db6906f6,afb1df2172f081fa426f2f86c56912079116f6441ba64df367861d00375fddc4,AOG-LM-P07-SPIRAL-SPHERICAL,1,Salah-Eddin Gherbi,S08,16,1374.96426554,723.822196276,14,thick reciprocal-spiral projection in the spherical panel,First long end spiral started near Great Circle projection of y-axis; stopped before the white marker dot,2026-08-04T08:11:04Z
AOG_P07_SPHERICAL_PROJECTION,ef8b7d652edea5227166e54ca1bf6e81a4c02afd0d78c9d793e615a2db6906f6,afb1df2172f081fa426f2f86c56912079116f6441ba64df367861d00375fddc4,AOG-LM-P07-SPIRAL-SPHERICAL,1,Salah-Eddin Gherbi,S08,17,1377.25483828,729.31957086,14,thick reciprocal-spiral projection in the spherical panel,First long end spiral started near Great Circle projection of y-axis; stopped before the white marker dot,2026-08-04T08:11:04Z
AOG_P07_SPHERICAL_PROJECTION,ef8b7d652edea5227166e54ca1bf6e81a4c02afd0d78c9d793e615a2db6906f6,afb1df2172f081fa426f2f86c56912079116f6441ba64df367861d00375fddc4,AOG-LM-P07-SPIRAL-SPHERICAL,1,Salah-Eddin Gherbi,S08,18,1379.7744683,734.816945443,14,thick reciprocal-spiral projection in the spherical panel,First long end spiral started near Great Circle projection of y-axis; stopped before the white marker dot,2026-08-04T08:11:04Z
AOG_P07_SPHERICAL_PROJECTION,ef8b7d652edea5227166e54ca1bf6e81a4c02afd0d78c9d793e615a2db6906f6,afb1df2172f081fa426f2f86c56912079116f6441ba64df367861d00375fddc4,AOG-LM-P07-SPIRAL-SPHERICAL,1,Salah-Eddin Gherbi,S08,19,1382.06504104,741.00149185,14,thick reciprocal-spiral projection in the spherical panel,First long end spiral started near Great Circle projection of y-axis; stopped before the white marker dot,2026-08-04T08:11:04Z
AOG_P07_SPHERICAL_PROJECTION,ef8b7d652edea5227166e54ca1bf6e81a4c02afd0d78c9d793e615a2db6906f6,afb1df2172f081fa426f2f86c56912079116f6441ba64df367861d00375fddc4,AOG-LM-P07-SPIRAL-SPHERICAL,1,Salah-Eddin Gherbi,S08,20,1383.89749924,747.186038257,14,thick reciprocal-spiral projection in the spherical panel,First long end spiral started near Great Circle projection of y-axis; stopped before the white marker dot,2026-08-04T08:11:04Z
AOG_P07_SPHERICAL_PROJECTION,ef8b7d652edea5227166e54ca1bf6e81a4c02afd0d78c9d793e615a2db6906f6,afb1df2172f081fa426f2f86c56912079116f6441ba64df367861d00375fddc4,AOG-LM-P07-SPIRAL-SPHERICAL,1,Salah-Eddin Gherbi,S08,21,1385.72995743,751.767183743,14,thick reciprocal-spiral projection in the spherical panel,First long end spiral started near Great Circle projection of y-axis; stopped before the white marker dot,2026-08-04T08:11:04Z
AOG_P07_SPHERICAL_PROJECTION,ef8b7d652edea5227166e54ca1bf6e81a4c02afd0d78c9d793e615a2db6906f6,afb1df2172f081fa426f2f86c56912079116f6441ba64df367861d00375fddc4,AOG-LM-P07-SPIRAL-SPHERICAL,1,Salah-Eddin Gherbi,S08,22,1387.33335835,755.203042858,14,thick reciprocal-spiral projection in the spherical panel,First long end spiral started near Great Circle projection of y-axis; stopped before the white marker dot,2026-08-04T08:11:04Z
AOG_P07_SPHERICAL_PROJECTION,ef8b7d652edea5227166e54ca1bf6e81a4c02afd0d78c9d793e615a2db6906f6,afb1df2172f081fa426f2f86c56912079116f6441ba64df367861d00375fddc4,AOG-LM-P07-SPIRAL-SPHERICAL,1,Salah-Eddin Gherbi,S08,23,1388.47864472,759.097016521,14,thick reciprocal-spiral projection in the spherical panel,First long end spiral started near Great Circle projection of y-axis; stopped before the white marker dot,2026-08-04T08:11:04Z
AOG_P07_SPHERICAL_PROJECTION,ef8b7d652edea5227166e54ca1bf6e81a4c02afd0d78c9d793e615a2db6906f6,afb1df2172f081fa426f2f86c56912079116f6441ba64df367861d00375fddc4,AOG-LM-P07-SPIRAL-SPHERICAL,1,Salah-Eddin Gherbi,S08,24,1389.39487382,763.220047459,14,thick reciprocal-spiral projection in the spherical panel,First long end spiral started near Great Circle projection of y-axis; stopped before the white marker dot,2026-08-04T08:11:04Z
AOG_P07_SPHERICAL_PROJECTION,ef8b7d652edea5227166e54ca1bf6e81a4c02afd0d78c9d793e615a2db6906f6,afb1df2172f081fa426f2f86c56912079116f6441ba64df367861d00375fddc4,AOG-LM-P07-SPIRAL-SPHERICAL,1,Salah-Eddin Gherbi,S08,25,1390.99827474,766.884963848,14,thick reciprocal-spiral projection in the spherical panel,First long end spiral started near Great Circle projection of y-axis; stopped before the white marker dot,2026-08-04T08:11:04Z
AOG_P07_SPHERICAL_PROJECTION,ef8b7d652edea5227166e54ca1bf6e81a4c02afd0d78c9d793e615a2db6906f6,afb1df2172f081fa426f2f86c56912079116f6441ba64df367861d00375fddc4,AOG-LM-P07-SPIRAL-SPHERICAL,1,Salah-Eddin Gherbi,S08,26,1392.14356111,770.778937512,14,thick reciprocal-spiral projection in the spherical panel,First long end spiral started near Great Circle projection of y-axis; stopped before the white marker dot,2026-08-04T08:11:04Z
AOG_P07_SPHERICAL_PROJECTION,ef8b7d652edea5227166e54ca1bf6e81a4c02afd0d78c9d793e615a2db6906f6,afb1df2172f081fa426f2f86c56912079116f6441ba64df367861d00375fddc4,AOG-LM-P07-SPIRAL-SPHERICAL,1,Salah-Eddin Gherbi,S08,27,1392.83073294,773.298567529,14,thick reciprocal-spiral projection in the spherical panel,First long end spiral started near Great Circle projection of y-axis; stopped before the white marker dot,2026-08-04T08:11:04Z
AOG_P07_SPHERICAL_PROJECTION,ef8b7d652edea5227166e54ca1bf6e81a4c02afd0d78c9d793e615a2db6906f6,afb1df2172f081fa426f2f86c56912079116f6441ba64df367861d00375fddc4,AOG-LM-P07-SPIRAL-SPHERICAL,1,Salah-Eddin Gherbi,S09,0,1396.24939094,789.409212751,14,thick reciprocal-spiral projection in the spherical panel,Second segment of long end spiral (short) started near white marker dot; stopped before the curve x = 1 near UCLR node,2026-08-04T08:14:58Z
AOG_P07_SPHERICAL_PROJECTION,ef8b7d652edea5227166e54ca1bf6e81a4c02afd0d78c9d793e615a2db6906f6,afb1df2172f081fa426f2f86c56912079116f6441ba64df367861d00375fddc4,AOG-LM-P07-SPIRAL-SPHERICAL,1,Salah-Eddin Gherbi,S09,1,1397.11326409,791.616888576,14,thick reciprocal-spiral projection in the spherical panel,Second segment of long end spiral (short) started near white marker dot; stopped before the curve x = 1 near UCLR node,2026-08-04T08:14:58Z
AOG_P07_SPHERICAL_PROJECTION,ef8b7d652edea5227166e54ca1bf6e81a4c02afd0d78c9d793e615a2db6906f6,afb1df2172f081fa426f2f86c56912079116f6441ba64df367861d00375fddc4,AOG-LM-P07-SPIRAL-SPHERICAL,1,Salah-Eddin Gherbi,S09,2,1397.68917952,794.016536212,14,thick reciprocal-spiral projection in the spherical panel,Second segment of long end spiral (short) started near white marker dot; stopped before the curve x = 1 near UCLR node,2026-08-04T08:14:58Z
AOG_P07_SPHERICAL_PROJECTION,ef8b7d652edea5227166e54ca1bf6e81a4c02afd0d78c9d793e615a2db6906f6,afb1df2172f081fa426f2f86c56912079116f6441ba64df367861d00375fddc4,AOG-LM-P07-SPIRAL-SPHERICAL,1,Salah-Eddin Gherbi,S09,3,1398.55305267,796.320197942,14,thick reciprocal-spiral projection in the spherical panel,Second segment of long end spiral (short) started near white marker dot; stopped before the curve x = 1 near UCLR node,2026-08-04T08:14:58Z
AOG_P07_SPHERICAL_PROJECTION,ef8b7d652edea5227166e54ca1bf6e81a4c02afd0d78c9d793e615a2db6906f6,afb1df2172f081fa426f2f86c56912079116f6441ba64df367861d00375fddc4,AOG-LM-P07-SPIRAL-SPHERICAL,1,Salah-Eddin Gherbi,S09,4,1399.1289681,799.583718727,14,thick reciprocal-spiral projection in the spherical panel,Second segment of long end spiral (short) started near white marker dot; stopped before the curve x = 1 near UCLR node,2026-08-04T08:14:58Z
AOG_P07_SPHERICAL_PROJECTION,ef8b7d652edea5227166e54ca1bf6e81a4c02afd0d78c9d793e615a2db6906f6,afb1df2172f081fa426f2f86c56912079116f6441ba64df367861d00375fddc4,AOG-LM-P07-SPIRAL-SPHERICAL,1,Salah-Eddin Gherbi,S09,5,1399.70488353,801.599422741,14,thick reciprocal-spiral projection in the spherical panel,Second segment of long end spiral (short) started near white marker dot; stopped before the curve x = 1 near UCLR node,2026-08-04T08:14:58Z
AOG_P07_SPHERICAL_PROJECTION,ef8b7d652edea5227166e54ca1bf6e81a4c02afd0d78c9d793e615a2db6906f6,afb1df2172f081fa426f2f86c56912079116f6441ba64df367861d00375fddc4,AOG-LM-P07-SPIRAL-SPHERICAL,1,Salah-Eddin Gherbi,S09,6,1400.37678487,803.999070377,14,thick reciprocal-spiral projection in the spherical panel,Second segment of long end spiral (short) started near white marker dot; stopped before the curve x = 1 near UCLR node,2026-08-04T08:14:58Z
AOG_P07_SPHERICAL_PROJECTION,ef8b7d652edea5227166e54ca1bf6e81a4c02afd0d78c9d793e615a2db6906f6,afb1df2172f081fa426f2f86c56912079116f6441ba64df367861d00375fddc4,AOG-LM-P07-SPIRAL-SPHERICAL,1,Salah-Eddin Gherbi,S09,7,1400.8567144,806.302732107,14,thick reciprocal-spiral projection in the spherical panel,Second segment of long end spiral (short) started near white marker dot; stopped before the curve x = 1 near UCLR node,2026-08-04T08:14:58Z
AOG_P07_SPHERICAL_PROJECTION,ef8b7d652edea5227166e54ca1bf6e81a4c02afd0d78c9d793e615a2db6906f6,afb1df2172f081fa426f2f86c56912079116f6441ba64df367861d00375fddc4,AOG-LM-P07-SPIRAL-SPHERICAL,1,Salah-Eddin Gherbi,S09,8,1401.43262983,808.510407932,14,thick reciprocal-spiral projection in the spherical panel,Second segment of long end spiral (short) started near white marker dot; stopped before the curve x = 1 near UCLR node,2026-08-04T08:14:58Z
AOG_P07_SPHERICAL_PROJECTION,ef8b7d652edea5227166e54ca1bf6e81a4c02afd0d78c9d793e615a2db6906f6,afb1df2172f081fa426f2f86c56912079116f6441ba64df367861d00375fddc4,AOG-LM-P07-SPIRAL-SPHERICAL,1,Salah-Eddin Gherbi,S09,9,1402.20051708,811.006041473,14,thick reciprocal-spiral projection in the spherical panel,Second segment of long end spiral (short) started near white marker dot; stopped before the curve x = 1 near UCLR node,2026-08-04T08:14:58Z
AOG_P07_SPHERICAL_PROJECTION,ef8b7d652edea5227166e54ca1bf6e81a4c02afd0d78c9d793e615a2db6906f6,afb1df2172f081fa426f2f86c56912079116f6441ba64df367861d00375fddc4,AOG-LM-P07-SPIRAL-SPHERICAL,1,Salah-Eddin Gherbi,S10,0,1404.92716033,818.8245734,14,thick reciprocal-spiral projection in the spherical panel,Last long end spiral started near the curve x = 1 and UCLR node; stopped before Great Circle projection of y = 0 (x-axis) and lower right node,2026-08-04T08:19:48Z
AOG_P07_SPHERICAL_PROJECTION,ef8b7d652edea5227166e54ca1bf6e81a4c02afd0d78c9d793e615a2db6906f6,afb1df2172f081fa426f2f86c56912079116f6441ba64df367861d00375fddc4,AOG-LM-P07-SPIRAL-SPHERICAL,1,Salah-Eddin Gherbi,S10,1,1405.93937533,823.126487161,14,thick reciprocal-spiral projection in the spherical panel,Last long end spiral started near the curve x = 1 and UCLR node; stopped before Great Circle projection of y = 0 (x-axis) and lower right node,2026-08-04T08:19:48Z
AOG_P07_SPHERICAL_PROJECTION,ef8b7d652edea5227166e54ca1bf6e81a4c02afd0d78c9d793e615a2db6906f6,afb1df2172f081fa426f2f86c56912079116f6441ba64df367861d00375fddc4,AOG-LM-P07-SPIRAL-SPHERICAL,1,Salah-Eddin Gherbi,S10,2,1406.69853659,827.681454673,14,thick reciprocal-spiral projection in the spherical panel,Last long end spiral started near the curve x = 1 and UCLR node; stopped before Great Circle projection of y = 0 (x-axis) and lower right node,2026-08-04T08:19:48Z
AOG_P07_SPHERICAL_PROJECTION,ef8b7d652edea5227166e54ca1bf6e81a4c02afd0d78c9d793e615a2db6906f6,afb1df2172f081fa426f2f86c56912079116f6441ba64df367861d00375fddc4,AOG-LM-P07-SPIRAL-SPHERICAL,1,Salah-Eddin Gherbi,S10,3,1407.96380534,832.742529687,14,thick reciprocal-spiral projection in the spherical panel,Last long end spiral started near the curve x = 1 and UCLR node; stopped before Great Circle projection of y = 0 (x-axis) and lower right node,2026-08-04T08:19:48Z
AOG_P07_SPHERICAL_PROJECTION,ef8b7d652edea5227166e54ca1bf6e81a4c02afd0d78c9d793e615a2db6906f6,afb1df2172f081fa426f2f86c56912079116f6441ba64df367861d00375fddc4,AOG-LM-P07-SPIRAL-SPHERICAL,1,Salah-Eddin Gherbi,S10,4,1408.72296659,838.562765953,14,thick reciprocal-spiral projection in the spherical panel,Last long end spiral started near the curve x = 1 and UCLR node; stopped before Great Circle projection of y = 0 (x-axis) and lower right node,2026-08-04T08:19:48Z
AOG_P07_SPHERICAL_PROJECTION,ef8b7d652edea5227166e54ca1bf6e81a4c02afd0d78c9d793e615a2db6906f6,afb1df2172f081fa426f2f86c56912079116f6441ba64df367861d00375fddc4,AOG-LM-P07-SPIRAL-SPHERICAL,1,Salah-Eddin Gherbi,S10,5,1409.7351816,843.117733465,14,thick reciprocal-spiral projection in the spherical panel,Last long end spiral started near the curve x = 1 and UCLR node; stopped before Great Circle projection of y = 0 (x-axis) and lower right node,2026-08-04T08:19:48Z
AOG_P07_SPHERICAL_PROJECTION,ef8b7d652edea5227166e54ca1bf6e81a4c02afd0d78c9d793e615a2db6906f6,afb1df2172f081fa426f2f86c56912079116f6441ba64df367861d00375fddc4,AOG-LM-P07-SPIRAL-SPHERICAL,1,Salah-Eddin Gherbi,S10,6,1411.00045035,849.950184733,14,thick reciprocal-spiral projection in the spherical panel,Last long end spiral started near the curve x = 1 and UCLR node; stopped before Great Circle projection of y = 0 (x-axis) and lower right node,2026-08-04T08:19:48Z
AOG_P07_SPHERICAL_PROJECTION,ef8b7d652edea5227166e54ca1bf6e81a4c02afd0d78c9d793e615a2db6906f6,afb1df2172f081fa426f2f86c56912079116f6441ba64df367861d00375fddc4,AOG-LM-P07-SPIRAL-SPHERICAL,1,Salah-Eddin Gherbi,S10,7,1411.7596116,853.745990993,14,thick reciprocal-spiral projection in the spherical panel,Last long end spiral started near the curve x = 1 and UCLR node; stopped before Great Circle projection of y = 0 (x-axis) and lower right node,2026-08-04T08:19:48Z
AOG_P07_SPHERICAL_PROJECTION,ef8b7d652edea5227166e54ca1bf6e81a4c02afd0d78c9d793e615a2db6906f6,afb1df2172f081fa426f2f86c56912079116f6441ba64df367861d00375fddc4,AOG-LM-P07-SPIRAL-SPHERICAL,1,Salah-Eddin Gherbi,S10,8,1413.02488035,861.337603514,14,thick reciprocal-spiral projection in the spherical panel,Last long end spiral started near the curve x = 1 and UCLR node; stopped before Great Circle projection of y = 0 (x-axis) and lower right node,2026-08-04T08:19:48Z
AOG_P07_SPHERICAL_PROJECTION,ef8b7d652edea5227166e54ca1bf6e81a4c02afd0d78c9d793e615a2db6906f6,afb1df2172f081fa426f2f86c56912079116f6441ba64df367861d00375fddc4,AOG-LM-P07-SPIRAL-SPHERICAL,1,Salah-Eddin Gherbi,S10,9,1414.03709536,866.651732278,14,thick reciprocal-spiral projection in the spherical panel,Last long end spiral started near the curve x = 1 and UCLR node; stopped before Great Circle projection of y = 0 (x-axis) and lower right node,2026-08-04T08:19:48Z
AOG_P07_SPHERICAL_PROJECTION,ef8b7d652edea5227166e54ca1bf6e81a4c02afd0d78c9d793e615a2db6906f6,afb1df2172f081fa426f2f86c56912079116f6441ba64df367861d00375fddc4,AOG-LM-P07-SPIRAL-SPHERICAL,1,Salah-Eddin Gherbi,S10,10,1414.54320286,872.471968543,14,thick reciprocal-spiral projection in the spherical panel,Last long end spiral started near the curve x = 1 and UCLR node; stopped before Great Circle projection of y = 0 (x-axis) and lower right node,2026-08-04T08:19:48Z
AOG_P07_SPHERICAL_PROJECTION,ef8b7d652edea5227166e54ca1bf6e81a4c02afd0d78c9d793e615a2db6906f6,afb1df2172f081fa426f2f86c56912079116f6441ba64df367861d00375fddc4,AOG-LM-P07-SPIRAL-SPHERICAL,1,Salah-Eddin Gherbi,S10,11,1415.04931036,877.786097308,14,thick reciprocal-spiral projection in the spherical panel,Last long end spiral started near the curve x = 1 and UCLR node; stopped before Great Circle projection of y = 0 (x-axis) and lower right node,2026-08-04T08:19:48Z
AOG_P07_SPHERICAL_PROJECTION,ef8b7d652edea5227166e54ca1bf6e81a4c02afd0d78c9d793e615a2db6906f6,afb1df2172f081fa426f2f86c56912079116f6441ba64df367861d00375fddc4,AOG-LM-P07-SPIRAL-SPHERICAL,1,Salah-Eddin Gherbi,S10,12,1415.80847161,882.847172321,14,thick reciprocal-spiral projection in the spherical panel,Last long end spiral started near the curve x = 1 and UCLR node; stopped before Great Circle projection of y = 0 (x-axis) and lower right node,2026-08-04T08:19:48Z
AOG_P07_SPHERICAL_PROJECTION,ef8b7d652edea5227166e54ca1bf6e81a4c02afd0d78c9d793e615a2db6906f6,afb1df2172f081fa426f2f86c56912079116f6441ba64df367861d00375fddc4,AOG-LM-P07-SPIRAL-SPHERICAL,1,Salah-Eddin Gherbi,S10,13,1416.56763286,888.414354836,14,thick reciprocal-spiral projection in the spherical panel,Last long end spiral started near the curve x = 1 and UCLR node; stopped before Great Circle projection of y = 0 (x-axis) and lower right node,2026-08-04T08:19:48Z
AOG_P07_SPHERICAL_PROJECTION,ef8b7d652edea5227166e54ca1bf6e81a4c02afd0d78c9d793e615a2db6906f6,afb1df2172f081fa426f2f86c56912079116f6441ba64df367861d00375fddc4,AOG-LM-P07-SPIRAL-SPHERICAL,1,Salah-Eddin Gherbi,S10,14,1417.32679412,894.993752354,14,thick reciprocal-spiral projection in the spherical panel,Last long end spiral started near the curve x = 1 and UCLR node; stopped before Great Circle projection of y = 0 (x-axis) and lower right node,2026-08-04T08:19:48Z
AOG_P07_SPHERICAL_PROJECTION,ef8b7d652edea5227166e54ca1bf6e81a4c02afd0d78c9d793e615a2db6906f6,afb1df2172f081fa426f2f86c56912079116f6441ba64df367861d00375fddc4,AOG-LM-P07-SPIRAL-SPHERICAL,1,Salah-Eddin Gherbi,S10,15,1418.33900912,901.320096121,14,thick reciprocal-spiral projection in the spherical panel,Last long end spiral started near the curve x = 1 and UCLR node; stopped before Great Circle projection of y = 0 (x-axis) and lower right node,2026-08-04T08:19:48Z
AOG_P07_SPHERICAL_PROJECTION,ef8b7d652edea5227166e54ca1bf6e81a4c02afd0d78c9d793e615a2db6906f6,afb1df2172f081fa426f2f86c56912079116f6441ba64df367861d00375fddc4,AOG-LM-P07-SPIRAL-SPHERICAL,1,Salah-Eddin Gherbi,S10,16,1418.59206287,907.140332386,14,thick reciprocal-spiral projection in the spherical panel,Last long end spiral started near the curve x = 1 and UCLR node; stopped before Great Circle projection of y = 0 (x-axis) and lower right node,2026-08-04T08:19:48Z
AOG_P07_SPHERICAL_PROJECTION,ef8b7d652edea5227166e54ca1bf6e81a4c02afd0d78c9d793e615a2db6906f6,afb1df2172f081fa426f2f86c56912079116f6441ba64df367861d00375fddc4,AOG-LM-P07-SPIRAL-SPHERICAL,1,Salah-Eddin Gherbi,S10,17,1418.84511662,913.719729904,14,thick reciprocal-spiral projection in the spherical panel,Last long end spiral started near the curve x = 1 and UCLR node; stopped before Great Circle projection of y = 0 (x-axis) and lower right node,2026-08-04T08:19:48Z
AOG_P07_SPHERICAL_PROJECTION,ef8b7d652edea5227166e54ca1bf6e81a4c02afd0d78c9d793e615a2db6906f6,afb1df2172f081fa426f2f86c56912079116f6441ba64df367861d00375fddc4,AOG-LM-P07-SPIRAL-SPHERICAL,1,Salah-Eddin Gherbi,S10,18,1419.09817037,919.79301992,14,thick reciprocal-spiral projection in the spherical panel,Last long end spiral started near the curve x = 1 and UCLR node; stopped before Great Circle projection of y = 0 (x-axis) and lower right node,2026-08-04T08:19:48Z
AOG_P07_SPHERICAL_PROJECTION,ef8b7d652edea5227166e54ca1bf6e81a4c02afd0d78c9d793e615a2db6906f6,afb1df2172f081fa426f2f86c56912079116f6441ba64df367861d00375fddc4,AOG-LM-P07-SPIRAL-SPHERICAL,1,Salah-Eddin Gherbi,S10,19,1419.09817037,926.119363687,14,thick reciprocal-spiral projection in the spherical panel,Last long end spiral started near the curve x = 1 and UCLR node; stopped before Great Circle projection of y = 0 (x-axis) and lower right node,2026-08-04T08:19:48Z
AOG_P07_SPHERICAL_PROJECTION,ef8b7d652edea5227166e54ca1bf6e81a4c02afd0d78c9d793e615a2db6906f6,afb1df2172f081fa426f2f86c56912079116f6441ba64df367861d00375fddc4,AOG-LM-P07-SPIRAL-SPHERICAL,1,Salah-Eddin Gherbi,S10,20,1419.85733162,931.686546202,14,thick reciprocal-spiral projection in the spherical panel,Last long end spiral started near the curve x = 1 and UCLR node; stopped before Great Circle projection of y = 0 (x-axis) and lower right node,2026-08-04T08:19:48Z
AOG_P07_SPHERICAL_PROJECTION,ef8b7d652edea5227166e54ca1bf6e81a4c02afd0d78c9d793e615a2db6906f6,afb1df2172f081fa426f2f86c56912079116f6441ba64df367861d00375fddc4,AOG-LM-P07-SPIRAL-SPHERICAL,1,Salah-Eddin Gherbi,S10,21,1419.85733162,938.26594372,14,thick reciprocal-spiral projection in the spherical panel,Last long end spiral started near the curve x = 1 and UCLR node; stopped before Great Circle projection of y = 0 (x-axis) and lower right node,2026-08-04T08:19:48Z
AOG_P07_SPHERICAL_PROJECTION,ef8b7d652edea5227166e54ca1bf6e81a4c02afd0d78c9d793e615a2db6906f6,afb1df2172f081fa426f2f86c56912079116f6441ba64df367861d00375fddc4,AOG-LM-P07-SPIRAL-SPHERICAL,1,Salah-Eddin Gherbi,S10,22,1420.11038537,943.580072484,14,thick reciprocal-spiral projection in the spherical panel,Last long end spiral started near the curve x = 1 and UCLR node; stopped before Great Circle projection of y = 0 (x-axis) and lower right node,2026-08-04T08:19:48Z
AOG_P07_SPHERICAL_PROJECTION,ef8b7d652edea5227166e54ca1bf6e81a4c02afd0d78c9d793e615a2db6906f6,afb1df2172f081fa426f2f86c56912079116f6441ba64df367861d00375fddc4,AOG-LM-P07-SPIRAL-SPHERICAL,1,Salah-Eddin Gherbi,S10,23,1419.85733162,949.40030875,14,thick reciprocal-spiral projection in the spherical panel,Last long end spiral started near the curve x = 1 and UCLR node; stopped before Great Circle projection of y = 0 (x-axis) and lower right node,2026-08-04T08:19:48Z
AOG_P07_SPHERICAL_PROJECTION,ef8b7d652edea5227166e54ca1bf6e81a4c02afd0d78c9d793e615a2db6906f6,afb1df2172f081fa426f2f86c56912079116f6441ba64df367861d00375fddc4,AOG-LM-P07-SPIRAL-SPHERICAL,1,Salah-Eddin Gherbi,S10,24,1420.11038537,955.220545015,14,thick reciprocal-spiral projection in the spherical panel,Last long end spiral started near the curve x = 1 and UCLR node; stopped before Great Circle projection of y = 0 (x-axis) and lower right node,2026-08-04T08:19:48Z
AOG_P07_SPHERICAL_PROJECTION,ef8b7d652edea5227166e54ca1bf6e81a4c02afd0d78c9d793e615a2db6906f6,afb1df2172f081fa426f2f86c56912079116f6441ba64df367861d00375fddc4,AOG-LM-P07-SPIRAL-SPHERICAL,1,Salah-Eddin Gherbi,S10,25,1420.11038537,959.522458777,14,thick reciprocal-spiral projection in the spherical panel,Last long end spiral started near the curve x = 1 and UCLR node; stopped before Great Circle projection of y = 0 (x-axis) and lower right node,2026-08-04T08:19:48Z
AOG_P07_SPHERICAL_PROJECTION,ef8b7d652edea5227166e54ca1bf6e81a4c02afd0d78c9d793e615a2db6906f6,afb1df2172f081fa426f2f86c56912079116f6441ba64df367861d00375fddc4,AOG-LM-P07-SPIRAL-SPHERICAL,1,Salah-Eddin Gherbi,S10,26,1419.35122412,965.595748793,14,thick reciprocal-spiral projection in the spherical panel,Last long end spiral started near the curve x = 1 and UCLR node; stopped before Great Circle projection of y = 0 (x-axis) and lower right node,2026-08-04T08:19:48Z
AOG_P07_SPHERICAL_PROJECTION,ef8b7d652edea5227166e54ca1bf6e81a4c02afd0d78c9d793e615a2db6906f6,afb1df2172f081fa426f2f86c56912079116f6441ba64df367861d00375fddc4,AOG-LM-P07-SPIRAL-SPHERICAL,1,Salah-Eddin Gherbi,S10,27,1419.60427787,970.150716305,14,thick reciprocal-spiral projection in the spherical panel,Last long end spiral started near the curve x = 1 and UCLR node; stopped before Great Circle projection of y = 0 (x-axis) and lower right node,2026-08-04T08:19:48Z
AOG_P07_SPHERICAL_PROJECTION,ef8b7d652edea5227166e54ca1bf6e81a4c02afd0d78c9d793e615a2db6906f6,afb1df2172f081fa426f2f86c56912079116f6441ba64df367861d00375fddc4,AOG-LM-P07-SPIRAL-SPHERICAL,1,Salah-Eddin Gherbi,S10,28,1419.60427787,973.440415064,14,thick reciprocal-spiral projection in the spherical panel,Last long end spiral started near the curve x = 1 and UCLR node; stopped before Great Circle projection of y = 0 (x-axis) and lower right node,2026-08-04T08:19:48Z
AOG_P07_SPHERICAL_PROJECTION,ef8b7d652edea5227166e54ca1bf6e81a4c02afd0d78c9d793e615a2db6906f6,afb1df2172f081fa426f2f86c56912079116f6441ba64df367861d00375fddc4,AOG-LM-P07-SPIRAL-SPHERICAL,1,Salah-Eddin Gherbi,S10,29,1419.56701789,976.705070227,14,thick reciprocal-spiral projection in the spherical panel,Last long end spiral started near the curve x = 1 and UCLR node; stopped before Great Circle projection of y = 0 (x-axis) and lower right node,2026-08-04T08:19:48Z
AOG_P07_SPHERICAL_PROJECTION,ef8b7d652edea5227166e54ca1bf6e81a4c02afd0d78c9d793e615a2db6906f6,afb1df2172f081fa426f2f86c56912079116f6441ba64df367861d00375fddc4,AOG-LM-P07-SPIRAL-SPHERICAL,1,Salah-Eddin Gherbi,S10,30,1419.82879763,979.759167218,14,thick reciprocal-spiral projection in the spherical panel,Last long end spiral started near the curve x = 1 and UCLR node; stopped before Great Circle projection of y = 0 (x-axis) and lower right node,2026-08-04T08:19:48Z
