pass_number,radial_bin_index,rho_left,rho_right,phase_bin_index,phase_left_deg,phase_right_deg,sample_count
1,0,0,0.1,0,0,10,0
1,0,0,0.1,1,10,20,0
1,0,0,0.1,2,20,30,0
1,0,0,0.1,3,30,40,0
1,0,0,0.1,4,40,50,0
1,0,0,0.1,5,50,60,27
1,0,0,0.1,6,60,70,21
1,0,0,0.1,7,70,80,17
1,0,0,0.1,8,80,90,15
1,0,0,0.1,9,90,100,14
1,0,0,0.1,10,100,110,23
1,0,0,0.1,11,110,120,434
1,0,0,0.1,12,120,130,74
1,0,0,0.1,13,130,140,56
1,0,0,0.1,14,140,150,93
1,0,0,0.1,15,150,160,59
1,0,0,0.1,16,160,170,0
1,0,0,0.1,17,170,180,0
1,0,0,0.1,18,180,190,0
1,0,0,0.1,19,190,200,0
1,0,0,0.1,20,200,210,0
1,0,0,0.1,21,210,220,0
1,0,0,0.1,22,220,230,0
1,0,0,0.1,23,230,240,0
1,0,0,0.1,24,240,250,0
1,0,0,0.1,25,250,260,0
1,0,0,0.1,26,260,270,0
1,0,0,0.1,27,270,280,0
1,0,0,0.1,28,280,290,0
1,0,0,0.1,29,290,300,0
1,0,0,0.1,30,300,310,0
1,0,0,0.1,31,310,320,0
1,0,0,0.1,32,320,330,0
1,0,0,0.1,33,330,340,0
1,0,0,0.1,34,340,350,0
1,0,0,0.1,35,350,360,0
1,1,0.1,0.2,0,0,10,27
1,1,0.1,0.2,1,10,20,34
1,1,0.1,0.2,2,20,30,33
1,1,0.1,0.2,3,30,40,47
1,1,0.1,0.2,4,40,50,61
1,1,0.1,0.2,5,50,60,49
1,1,0.1,0.2,6,60,70,0
1,1,0.1,0.2,7,70,80,0
1,1,0.1,0.2,8,80,90,0
1,1,0.1,0.2,9,90,100,0
1,1,0.1,0.2,10,100,110,0
1,1,0.1,0.2,11,110,120,0
1,1,0.1,0.2,12,120,130,0
1,1,0.1,0.2,13,130,140,0
1,1,0.1,0.2,14,140,150,0
1,1,0.1,0.2,15,150,160,12
1,1,0.1,0.2,16,160,170,51
1,1,0.1,0.2,17,170,180,47
1,1,0.1,0.2,18,180,190,28
1,1,0.1,0.2,19,190,200,30
1,1,0.1,0.2,20,200,210,46
1,1,0.1,0.2,21,210,220,60
1,1,0.1,0.2,22,220,230,33
1,1,0.1,0.2,23,230,240,27
1,1,0.1,0.2,24,240,250,2
1,1,0.1,0.2,25,250,260,0
1,1,0.1,0.2,26,260,270,68
1,1,0.1,0.2,27,270,280,249
1,1,0.1,0.2,28,280,290,84
1,1,0.1,0.2,29,290,300,0
1,1,0.1,0.2,30,300,310,0
1,1,0.1,0.2,31,310,320,0
1,1,0.1,0.2,32,320,330,18
1,1,0.1,0.2,33,330,340,32
1,1,0.1,0.2,34,340,350,34
1,1,0.1,0.2,35,350,360,35
1,2,0.2,0.3,0,0,10,0
1,2,0.2,0.3,1,10,20,0
1,2,0.2,0.3,2,20,30,0
1,2,0.2,0.3,3,30,40,0
1,2,0.2,0.3,4,40,50,0
1,2,0.2,0.3,5,50,60,0
1,2,0.2,0.3,6,60,70,5
1,2,0.2,0.3,7,70,80,52
1,2,0.2,0.3,8,80,90,104
1,2,0.2,0.3,9,90,100,440
1,2,0.2,0.3,10,100,110,56
1,2,0.2,0.3,11,110,120,79
1,2,0.2,0.3,12,120,130,70
1,2,0.2,0.3,13,130,140,102
1,2,0.2,0.3,14,140,150,24
1,2,0.2,0.3,15,150,160,50
1,2,0.2,0.3,16,160,170,0
1,2,0.2,0.3,17,170,180,0
1,2,0.2,0.3,18,180,190,0
1,2,0.2,0.3,19,190,200,0
1,2,0.2,0.3,20,200,210,0
1,2,0.2,0.3,21,210,220,0
1,2,0.2,0.3,22,220,230,0
1,2,0.2,0.3,23,230,240,0
1,2,0.2,0.3,24,240,250,0
1,2,0.2,0.3,25,250,260,0
1,2,0.2,0.3,26,260,270,0
1,2,0.2,0.3,27,270,280,0
1,2,0.2,0.3,28,280,290,0
1,2,0.2,0.3,29,290,300,0
1,2,0.2,0.3,30,300,310,0
1,2,0.2,0.3,31,310,320,0
1,2,0.2,0.3,32,320,330,0
1,2,0.2,0.3,33,330,340,0
1,2,0.2,0.3,34,340,350,0
1,2,0.2,0.3,35,350,360,0
1,3,0.3,0.4,0,0,10,0
1,3,0.3,0.4,1,10,20,0
1,3,0.3,0.4,2,20,30,36
1,3,0.3,0.4,3,30,40,39
1,3,0.3,0.4,4,40,50,38
1,3,0.3,0.4,5,50,60,38
1,3,0.3,0.4,6,60,70,40
1,3,0.3,0.4,7,70,80,0
1,3,0.3,0.4,8,80,90,0
1,3,0.3,0.4,9,90,100,0
1,3,0.3,0.4,10,100,110,0
1,3,0.3,0.4,11,110,120,0
1,3,0.3,0.4,12,120,130,0
1,3,0.3,0.4,13,130,140,0
1,3,0.3,0.4,14,140,150,0
1,3,0.3,0.4,15,150,160,0
1,3,0.3,0.4,16,160,170,0
1,3,0.3,0.4,17,170,180,0
1,3,0.3,0.4,18,180,190,0
1,3,0.3,0.4,19,190,200,0
1,3,0.3,0.4,20,200,210,0
1,3,0.3,0.4,21,210,220,0
1,3,0.3,0.4,22,220,230,0
1,3,0.3,0.4,23,230,240,0
1,3,0.3,0.4,24,240,250,0
1,3,0.3,0.4,25,250,260,0
1,3,0.3,0.4,26,260,270,0
1,3,0.3,0.4,27,270,280,0
1,3,0.3,0.4,28,280,290,0
1,3,0.3,0.4,29,290,300,0
1,3,0.3,0.4,30,300,310,0
1,3,0.3,0.4,31,310,320,0
1,3,0.3,0.4,32,320,330,0
1,3,0.3,0.4,33,330,340,0
1,3,0.3,0.4,34,340,350,0
1,3,0.3,0.4,35,350,360,0
1,4,0.4,0.5,0,0,10,46
1,4,0.4,0.5,1,10,20,43
1,4,0.4,0.5,2,20,30,6
1,4,0.4,0.5,3,30,40,0
1,4,0.4,0.5,4,40,50,0
1,4,0.4,0.5,5,50,60,0
1,4,0.4,0.5,6,60,70,0
1,4,0.4,0.5,7,70,80,0
1,4,0.4,0.5,8,80,90,0
1,4,0.4,0.5,9,90,100,0
1,4,0.4,0.5,10,100,110,0
1,4,0.4,0.5,11,110,120,0
1,4,0.4,0.5,12,120,130,0
1,4,0.4,0.5,13,130,140,0
1,4,0.4,0.5,14,140,150,0
1,4,0.4,0.5,15,150,160,0
1,4,0.4,0.5,16,160,170,0
1,4,0.4,0.5,17,170,180,0
1,4,0.4,0.5,18,180,190,0
1,4,0.4,0.5,19,190,200,0
1,4,0.4,0.5,20,200,210,0
1,4,0.4,0.5,21,210,220,0
1,4,0.4,0.5,22,220,230,0
1,4,0.4,0.5,23,230,240,0
1,4,0.4,0.5,24,240,250,0
1,4,0.4,0.5,25,250,260,0
1,4,0.4,0.5,26,260,270,0
1,4,0.4,0.5,27,270,280,0
1,4,0.4,0.5,28,280,290,0
1,4,0.4,0.5,29,290,300,0
1,4,0.4,0.5,30,300,310,0
1,4,0.4,0.5,31,310,320,0
1,4,0.4,0.5,32,320,330,0
1,4,0.4,0.5,33,330,340,0
1,4,0.4,0.5,34,340,350,0
1,4,0.4,0.5,35,350,360,21
1,5,0.5,0.6,0,0,10,0
1,5,0.5,0.6,1,10,20,0
1,5,0.5,0.6,2,20,30,0
1,5,0.5,0.6,3,30,40,0
1,5,0.5,0.6,4,40,50,0
1,5,0.5,0.6,5,50,60,0
1,5,0.5,0.6,6,60,70,0
1,5,0.5,0.6,7,70,80,0
1,5,0.5,0.6,8,80,90,0
1,5,0.5,0.6,9,90,100,0
1,5,0.5,0.6,10,100,110,0
1,5,0.5,0.6,11,110,120,0
1,5,0.5,0.6,12,120,130,0
1,5,0.5,0.6,13,130,140,0
1,5,0.5,0.6,14,140,150,0
1,5,0.5,0.6,15,150,160,0
1,5,0.5,0.6,16,160,170,0
1,5,0.5,0.6,17,170,180,0
1,5,0.5,0.6,18,180,190,0
1,5,0.5,0.6,19,190,200,0
1,5,0.5,0.6,20,200,210,0
1,5,0.5,0.6,21,210,220,0
1,5,0.5,0.6,22,220,230,0
1,5,0.5,0.6,23,230,240,0
1,5,0.5,0.6,24,240,250,0
1,5,0.5,0.6,25,250,260,0
1,5,0.5,0.6,26,260,270,0
1,5,0.5,0.6,27,270,280,0
1,5,0.5,0.6,28,280,290,0
1,5,0.5,0.6,29,290,300,0
1,5,0.5,0.6,30,300,310,0
1,5,0.5,0.6,31,310,320,0
1,5,0.5,0.6,32,320,330,6
1,5,0.5,0.6,33,330,340,51
1,5,0.5,0.6,34,340,350,335
1,5,0.5,0.6,35,350,360,21
1,6,0.6,0.7,0,0,10,0
1,6,0.6,0.7,1,10,20,0
1,6,0.6,0.7,2,20,30,0
1,6,0.6,0.7,3,30,40,0
1,6,0.6,0.7,4,40,50,0
1,6,0.6,0.7,5,50,60,0
1,6,0.6,0.7,6,60,70,0
1,6,0.6,0.7,7,70,80,0
1,6,0.6,0.7,8,80,90,0
1,6,0.6,0.7,9,90,100,0
1,6,0.6,0.7,10,100,110,0
1,6,0.6,0.7,11,110,120,0
1,6,0.6,0.7,12,120,130,0
1,6,0.6,0.7,13,130,140,0
1,6,0.6,0.7,14,140,150,0
1,6,0.6,0.7,15,150,160,0
1,6,0.6,0.7,16,160,170,0
1,6,0.6,0.7,17,170,180,0
1,6,0.6,0.7,18,180,190,0
1,6,0.6,0.7,19,190,200,0
1,6,0.6,0.7,20,200,210,0
1,6,0.6,0.7,21,210,220,0
1,6,0.6,0.7,22,220,230,0
1,6,0.6,0.7,23,230,240,0
1,6,0.6,0.7,24,240,250,0
1,6,0.6,0.7,25,250,260,0
1,6,0.6,0.7,26,260,270,0
1,6,0.6,0.7,27,270,280,0
1,6,0.6,0.7,28,280,290,0
1,6,0.6,0.7,29,290,300,0
1,6,0.6,0.7,30,300,310,0
1,6,0.6,0.7,31,310,320,52
1,6,0.6,0.7,32,320,330,51
1,6,0.6,0.7,33,330,340,0
1,6,0.6,0.7,34,340,350,0
1,6,0.6,0.7,35,350,360,0
1,7,0.7,0.8,0,0,10,0
1,7,0.7,0.8,1,10,20,0
1,7,0.7,0.8,2,20,30,0
1,7,0.7,0.8,3,30,40,0
1,7,0.7,0.8,4,40,50,0
1,7,0.7,0.8,5,50,60,0
1,7,0.7,0.8,6,60,70,0
1,7,0.7,0.8,7,70,80,0
1,7,0.7,0.8,8,80,90,0
1,7,0.7,0.8,9,90,100,0
1,7,0.7,0.8,10,100,110,0
1,7,0.7,0.8,11,110,120,0
1,7,0.7,0.8,12,120,130,0
1,7,0.7,0.8,13,130,140,0
1,7,0.7,0.8,14,140,150,0
1,7,0.7,0.8,15,150,160,0
1,7,0.7,0.8,16,160,170,0
1,7,0.7,0.8,17,170,180,0
1,7,0.7,0.8,18,180,190,0
1,7,0.7,0.8,19,190,200,0
1,7,0.7,0.8,20,200,210,0
1,7,0.7,0.8,21,210,220,0
1,7,0.7,0.8,22,220,230,0
1,7,0.7,0.8,23,230,240,0
1,7,0.7,0.8,24,240,250,0
1,7,0.7,0.8,25,250,260,0
1,7,0.7,0.8,26,260,270,0
1,7,0.7,0.8,27,270,280,0
1,7,0.7,0.8,28,280,290,0
1,7,0.7,0.8,29,290,300,19
1,7,0.7,0.8,30,300,310,70
1,7,0.7,0.8,31,310,320,12
1,7,0.7,0.8,32,320,330,0
1,7,0.7,0.8,33,330,340,0
1,7,0.7,0.8,34,340,350,0
1,7,0.7,0.8,35,350,360,0
1,8,0.8,0.9,0,0,10,0
1,8,0.8,0.9,1,10,20,0
1,8,0.8,0.9,2,20,30,0
1,8,0.8,0.9,3,30,40,0
1,8,0.8,0.9,4,40,50,0
1,8,0.8,0.9,5,50,60,0
1,8,0.8,0.9,6,60,70,0
1,8,0.8,0.9,7,70,80,0
1,8,0.8,0.9,8,80,90,0
1,8,0.8,0.9,9,90,100,0
1,8,0.8,0.9,10,100,110,0
1,8,0.8,0.9,11,110,120,0
1,8,0.8,0.9,12,120,130,0
1,8,0.8,0.9,13,130,140,0
1,8,0.8,0.9,14,140,150,0
1,8,0.8,0.9,15,150,160,0
1,8,0.8,0.9,16,160,170,0
1,8,0.8,0.9,17,170,180,0
1,8,0.8,0.9,18,180,190,0
1,8,0.8,0.9,19,190,200,0
1,8,0.8,0.9,20,200,210,0
1,8,0.8,0.9,21,210,220,0
1,8,0.8,0.9,22,220,230,0
1,8,0.8,0.9,23,230,240,0
1,8,0.8,0.9,24,240,250,0
1,8,0.8,0.9,25,250,260,0
1,8,0.8,0.9,26,260,270,0
1,8,0.8,0.9,27,270,280,0
1,8,0.8,0.9,28,280,290,40
1,8,0.8,0.9,29,290,300,61
1,8,0.8,0.9,30,300,310,0
1,8,0.8,0.9,31,310,320,0
1,8,0.8,0.9,32,320,330,0
1,8,0.8,0.9,33,330,340,0
1,8,0.8,0.9,34,340,350,0
1,8,0.8,0.9,35,350,360,0
1,9,0.9,1,0,0,10,0
1,9,0.9,1,1,10,20,0
1,9,0.9,1,2,20,30,0
1,9,0.9,1,3,30,40,0
1,9,0.9,1,4,40,50,0
1,9,0.9,1,5,50,60,0
1,9,0.9,1,6,60,70,0
1,9,0.9,1,7,70,80,0
1,9,0.9,1,8,80,90,0
1,9,0.9,1,9,90,100,0
1,9,0.9,1,10,100,110,0
1,9,0.9,1,11,110,120,0
1,9,0.9,1,12,120,130,0
1,9,0.9,1,13,130,140,0
1,9,0.9,1,14,140,150,0
1,9,0.9,1,15,150,160,0
1,9,0.9,1,16,160,170,0
1,9,0.9,1,17,170,180,0
1,9,0.9,1,18,180,190,0
1,9,0.9,1,19,190,200,0
1,9,0.9,1,20,200,210,0
1,9,0.9,1,21,210,220,0
1,9,0.9,1,22,220,230,0
1,9,0.9,1,23,230,240,0
1,9,0.9,1,24,240,250,0
1,9,0.9,1,25,250,260,0
1,9,0.9,1,26,260,270,0
1,9,0.9,1,27,270,280,14
1,9,0.9,1,28,280,290,49
1,9,0.9,1,29,290,300,0
1,9,0.9,1,30,300,310,0
1,9,0.9,1,31,310,320,0
1,9,0.9,1,32,320,330,0
1,9,0.9,1,33,330,340,0
1,9,0.9,1,34,340,350,0
1,9,0.9,1,35,350,360,0
2,0,0,0.1,0,0,10,0
2,0,0,0.1,1,10,20,0
2,0,0,0.1,2,20,30,0
2,0,0,0.1,3,30,40,0
2,0,0,0.1,4,40,50,0
2,0,0,0.1,5,50,60,0
2,0,0,0.1,6,60,70,8
2,0,0,0.1,7,70,80,30
2,0,0,0.1,8,80,90,31
2,0,0,0.1,9,90,100,26
2,0,0,0.1,10,100,110,18
2,0,0,0.1,11,110,120,68
2,0,0,0.1,12,120,130,323
2,0,0,0.1,13,130,140,164
2,0,0,0.1,14,140,150,134
2,0,0,0.1,15,150,160,0
2,0,0,0.1,16,160,170,0
2,0,0,0.1,17,170,180,0
2,0,0,0.1,18,180,190,0
2,0,0,0.1,19,190,200,0
2,0,0,0.1,20,200,210,0
2,0,0,0.1,21,210,220,0
2,0,0,0.1,22,220,230,0
2,0,0,0.1,23,230,240,0
2,0,0,0.1,24,240,250,0
2,0,0,0.1,25,250,260,0
2,0,0,0.1,26,260,270,0
2,0,0,0.1,27,270,280,0
2,0,0,0.1,28,280,290,0
2,0,0,0.1,29,290,300,0
2,0,0,0.1,30,300,310,0
2,0,0,0.1,31,310,320,0
2,0,0,0.1,32,320,330,0
2,0,0,0.1,33,330,340,0
2,0,0,0.1,34,340,350,0
2,0,0,0.1,35,350,360,0
2,1,0.1,0.2,0,0,10,29
2,1,0.1,0.2,1,10,20,24
2,1,0.1,0.2,2,20,30,33
2,1,0.1,0.2,3,30,40,33
2,1,0.1,0.2,4,40,50,53
2,1,0.1,0.2,5,50,60,75
2,1,0.1,0.2,6,60,70,12
2,1,0.1,0.2,7,70,80,0
2,1,0.1,0.2,8,80,90,0
2,1,0.1,0.2,9,90,100,0
2,1,0.1,0.2,10,100,110,0
2,1,0.1,0.2,11,110,120,0
2,1,0.1,0.2,12,120,130,0
2,1,0.1,0.2,13,130,140,0
2,1,0.1,0.2,14,140,150,0
2,1,0.1,0.2,15,150,160,0
2,1,0.1,0.2,16,160,170,62
2,1,0.1,0.2,17,170,180,48
2,1,0.1,0.2,18,180,190,34
2,1,0.1,0.2,19,190,200,27
2,1,0.1,0.2,20,200,210,33
2,1,0.1,0.2,21,210,220,34
2,1,0.1,0.2,22,220,230,45
2,1,0.1,0.2,23,230,240,34
2,1,0.1,0.2,24,240,250,21
2,1,0.1,0.2,25,250,260,0
2,1,0.1,0.2,26,260,270,0
2,1,0.1,0.2,27,270,280,120
2,1,0.1,0.2,28,280,290,131
2,1,0.1,0.2,29,290,300,150
2,1,0.1,0.2,30,300,310,0
2,1,0.1,0.2,31,310,320,17
2,1,0.1,0.2,32,320,330,31
2,1,0.1,0.2,33,330,340,41
2,1,0.1,0.2,34,340,350,29
2,1,0.1,0.2,35,350,360,24
2,2,0.2,0.3,0,0,10,0
2,2,0.2,0.3,1,10,20,0
2,2,0.2,0.3,2,20,30,0
2,2,0.2,0.3,3,30,40,0
2,2,0.2,0.3,4,40,50,0
2,2,0.2,0.3,5,50,60,0
2,2,0.2,0.3,6,60,70,2
2,2,0.2,0.3,7,70,80,48
2,2,0.2,0.3,8,80,90,241
2,2,0.2,0.3,9,90,100,266
2,2,0.2,0.3,10,100,110,94
2,2,0.2,0.3,11,110,120,62
2,2,0.2,0.3,12,120,130,74
2,2,0.2,0.3,13,130,140,81
2,2,0.2,0.3,14,140,150,45
2,2,0.2,0.3,15,150,160,50
2,2,0.2,0.3,16,160,170,13
2,2,0.2,0.3,17,170,180,0
2,2,0.2,0.3,18,180,190,0
2,2,0.2,0.3,19,190,200,0
2,2,0.2,0.3,20,200,210,0
2,2,0.2,0.3,21,210,220,0
2,2,0.2,0.3,22,220,230,0
2,2,0.2,0.3,23,230,240,0
2,2,0.2,0.3,24,240,250,0
2,2,0.2,0.3,25,250,260,0
2,2,0.2,0.3,26,260,270,0
2,2,0.2,0.3,27,270,280,0
2,2,0.2,0.3,28,280,290,0
2,2,0.2,0.3,29,290,300,0
2,2,0.2,0.3,30,300,310,0
2,2,0.2,0.3,31,310,320,0
2,2,0.2,0.3,32,320,330,0
2,2,0.2,0.3,33,330,340,0
2,2,0.2,0.3,34,340,350,0
2,2,0.2,0.3,35,350,360,0
2,3,0.3,0.4,0,0,10,0
2,3,0.3,0.4,1,10,20,0
2,3,0.3,0.4,2,20,30,35
2,3,0.3,0.4,3,30,40,40
2,3,0.3,0.4,4,40,50,38
2,3,0.3,0.4,5,50,60,39
2,3,0.3,0.4,6,60,70,37
2,3,0.3,0.4,7,70,80,0
2,3,0.3,0.4,8,80,90,0
2,3,0.3,0.4,9,90,100,0
2,3,0.3,0.4,10,100,110,0
2,3,0.3,0.4,11,110,120,0
2,3,0.3,0.4,12,120,130,0
2,3,0.3,0.4,13,130,140,0
2,3,0.3,0.4,14,140,150,0
2,3,0.3,0.4,15,150,160,0
2,3,0.3,0.4,16,160,170,0
2,3,0.3,0.4,17,170,180,0
2,3,0.3,0.4,18,180,190,0
2,3,0.3,0.4,19,190,200,0
2,3,0.3,0.4,20,200,210,0
2,3,0.3,0.4,21,210,220,0
2,3,0.3,0.4,22,220,230,0
2,3,0.3,0.4,23,230,240,0
2,3,0.3,0.4,24,240,250,0
2,3,0.3,0.4,25,250,260,0
2,3,0.3,0.4,26,260,270,0
2,3,0.3,0.4,27,270,280,0
2,3,0.3,0.4,28,280,290,0
2,3,0.3,0.4,29,290,300,0
2,3,0.3,0.4,30,300,310,0
2,3,0.3,0.4,31,310,320,0
2,3,0.3,0.4,32,320,330,0
2,3,0.3,0.4,33,330,340,0
2,3,0.3,0.4,34,340,350,0
2,3,0.3,0.4,35,350,360,0
2,4,0.4,0.5,0,0,10,49
2,4,0.4,0.5,1,10,20,42
2,4,0.4,0.5,2,20,30,5
2,4,0.4,0.5,3,30,40,0
2,4,0.4,0.5,4,40,50,0
2,4,0.4,0.5,5,50,60,0
2,4,0.4,0.5,6,60,70,0
2,4,0.4,0.5,7,70,80,0
2,4,0.4,0.5,8,80,90,0
2,4,0.4,0.5,9,90,100,0
2,4,0.4,0.5,10,100,110,0
2,4,0.4,0.5,11,110,120,0
2,4,0.4,0.5,12,120,130,0
2,4,0.4,0.5,13,130,140,0
2,4,0.4,0.5,14,140,150,0
2,4,0.4,0.5,15,150,160,0
2,4,0.4,0.5,16,160,170,0
2,4,0.4,0.5,17,170,180,0
2,4,0.4,0.5,18,180,190,0
2,4,0.4,0.5,19,190,200,0
2,4,0.4,0.5,20,200,210,0
2,4,0.4,0.5,21,210,220,0
2,4,0.4,0.5,22,220,230,0
2,4,0.4,0.5,23,230,240,0
2,4,0.4,0.5,24,240,250,0
2,4,0.4,0.5,25,250,260,0
2,4,0.4,0.5,26,260,270,0
2,4,0.4,0.5,27,270,280,0
2,4,0.4,0.5,28,280,290,0
2,4,0.4,0.5,29,290,300,0
2,4,0.4,0.5,30,300,310,0
2,4,0.4,0.5,31,310,320,0
2,4,0.4,0.5,32,320,330,0
2,4,0.4,0.5,33,330,340,0
2,4,0.4,0.5,34,340,350,0
2,4,0.4,0.5,35,350,360,18
2,5,0.5,0.6,0,0,10,0
2,5,0.5,0.6,1,10,20,0
2,5,0.5,0.6,2,20,30,0
2,5,0.5,0.6,3,30,40,0
2,5,0.5,0.6,4,40,50,0
2,5,0.5,0.6,5,50,60,0
2,5,0.5,0.6,6,60,70,0
2,5,0.5,0.6,7,70,80,0
2,5,0.5,0.6,8,80,90,0
2,5,0.5,0.6,9,90,100,0
2,5,0.5,0.6,10,100,110,0
2,5,0.5,0.6,11,110,120,0
2,5,0.5,0.6,12,120,130,0
2,5,0.5,0.6,13,130,140,0
2,5,0.5,0.6,14,140,150,0
2,5,0.5,0.6,15,150,160,0
2,5,0.5,0.6,16,160,170,0
2,5,0.5,0.6,17,170,180,0
2,5,0.5,0.6,18,180,190,0
2,5,0.5,0.6,19,190,200,0
2,5,0.5,0.6,20,200,210,0
2,5,0.5,0.6,21,210,220,0
2,5,0.5,0.6,22,220,230,0
2,5,0.5,0.6,23,230,240,0
2,5,0.5,0.6,24,240,250,0
2,5,0.5,0.6,25,250,260,0
2,5,0.5,0.6,26,260,270,0
2,5,0.5,0.6,27,270,280,0
2,5,0.5,0.6,28,280,290,0
2,5,0.5,0.6,29,290,300,0
2,5,0.5,0.6,30,300,310,0
2,5,0.5,0.6,31,310,320,0
2,5,0.5,0.6,32,320,330,11
2,5,0.5,0.6,33,330,340,98
2,5,0.5,0.6,34,340,350,304
2,5,0.5,0.6,35,350,360,5
2,6,0.6,0.7,0,0,10,0
2,6,0.6,0.7,1,10,20,0
2,6,0.6,0.7,2,20,30,0
2,6,0.6,0.7,3,30,40,0
2,6,0.6,0.7,4,40,50,0
2,6,0.6,0.7,5,50,60,0
2,6,0.6,0.7,6,60,70,0
2,6,0.6,0.7,7,70,80,0
2,6,0.6,0.7,8,80,90,0
2,6,0.6,0.7,9,90,100,0
2,6,0.6,0.7,10,100,110,0
2,6,0.6,0.7,11,110,120,0
2,6,0.6,0.7,12,120,130,0
2,6,0.6,0.7,13,130,140,0
2,6,0.6,0.7,14,140,150,0
2,6,0.6,0.7,15,150,160,0
2,6,0.6,0.7,16,160,170,0
2,6,0.6,0.7,17,170,180,0
2,6,0.6,0.7,18,180,190,0
2,6,0.6,0.7,19,190,200,0
2,6,0.6,0.7,20,200,210,0
2,6,0.6,0.7,21,210,220,0
2,6,0.6,0.7,22,220,230,0
2,6,0.6,0.7,23,230,240,0
2,6,0.6,0.7,24,240,250,0
2,6,0.6,0.7,25,250,260,0
2,6,0.6,0.7,26,260,270,0
2,6,0.6,0.7,27,270,280,0
2,6,0.6,0.7,28,280,290,0
2,6,0.6,0.7,29,290,300,0
2,6,0.6,0.7,30,300,310,0
2,6,0.6,0.7,31,310,320,60
2,6,0.6,0.7,32,320,330,43
2,6,0.6,0.7,33,330,340,0
2,6,0.6,0.7,34,340,350,0
2,6,0.6,0.7,35,350,360,0
2,7,0.7,0.8,0,0,10,0
2,7,0.7,0.8,1,10,20,0
2,7,0.7,0.8,2,20,30,0
2,7,0.7,0.8,3,30,40,0
2,7,0.7,0.8,4,40,50,0
2,7,0.7,0.8,5,50,60,0
2,7,0.7,0.8,6,60,70,0
2,7,0.7,0.8,7,70,80,0
2,7,0.7,0.8,8,80,90,0
2,7,0.7,0.8,9,90,100,0
2,7,0.7,0.8,10,100,110,0
2,7,0.7,0.8,11,110,120,0
2,7,0.7,0.8,12,120,130,0
2,7,0.7,0.8,13,130,140,0
2,7,0.7,0.8,14,140,150,0
2,7,0.7,0.8,15,150,160,0
2,7,0.7,0.8,16,160,170,0
2,7,0.7,0.8,17,170,180,0
2,7,0.7,0.8,18,180,190,0
2,7,0.7,0.8,19,190,200,0
2,7,0.7,0.8,20,200,210,0
2,7,0.7,0.8,21,210,220,0
2,7,0.7,0.8,22,220,230,0
2,7,0.7,0.8,23,230,240,0
2,7,0.7,0.8,24,240,250,0
2,7,0.7,0.8,25,250,260,0
2,7,0.7,0.8,26,260,270,0
2,7,0.7,0.8,27,270,280,0
2,7,0.7,0.8,28,280,290,0
2,7,0.7,0.8,29,290,300,30
2,7,0.7,0.8,30,300,310,70
2,7,0.7,0.8,31,310,320,2
2,7,0.7,0.8,32,320,330,0
2,7,0.7,0.8,33,330,340,0
2,7,0.7,0.8,34,340,350,0
2,7,0.7,0.8,35,350,360,0
2,8,0.8,0.9,0,0,10,0
2,8,0.8,0.9,1,10,20,0
2,8,0.8,0.9,2,20,30,0
2,8,0.8,0.9,3,30,40,0
2,8,0.8,0.9,4,40,50,0
2,8,0.8,0.9,5,50,60,0
2,8,0.8,0.9,6,60,70,0
2,8,0.8,0.9,7,70,80,0
2,8,0.8,0.9,8,80,90,0
2,8,0.8,0.9,9,90,100,0
2,8,0.8,0.9,10,100,110,0
2,8,0.8,0.9,11,110,120,0
2,8,0.8,0.9,12,120,130,0
2,8,0.8,0.9,13,130,140,0
2,8,0.8,0.9,14,140,150,0
2,8,0.8,0.9,15,150,160,0
2,8,0.8,0.9,16,160,170,0
2,8,0.8,0.9,17,170,180,0
2,8,0.8,0.9,18,180,190,0
2,8,0.8,0.9,19,190,200,0
2,8,0.8,0.9,20,200,210,0
2,8,0.8,0.9,21,210,220,0
2,8,0.8,0.9,22,220,230,0
2,8,0.8,0.9,23,230,240,0
2,8,0.8,0.9,24,240,250,0
2,8,0.8,0.9,25,250,260,0
2,8,0.8,0.9,26,260,270,0
2,8,0.8,0.9,27,270,280,0
2,8,0.8,0.9,28,280,290,55
2,8,0.8,0.9,29,290,300,46
2,8,0.8,0.9,30,300,310,0
2,8,0.8,0.9,31,310,320,0
2,8,0.8,0.9,32,320,330,0
2,8,0.8,0.9,33,330,340,0
2,8,0.8,0.9,34,340,350,0
2,8,0.8,0.9,35,350,360,0
2,9,0.9,1,0,0,10,0
2,9,0.9,1,1,10,20,0
2,9,0.9,1,2,20,30,0
2,9,0.9,1,3,30,40,0
2,9,0.9,1,4,40,50,0
2,9,0.9,1,5,50,60,0
2,9,0.9,1,6,60,70,0
2,9,0.9,1,7,70,80,0
2,9,0.9,1,8,80,90,0
2,9,0.9,1,9,90,100,0
2,9,0.9,1,10,100,110,0
2,9,0.9,1,11,110,120,0
2,9,0.9,1,12,120,130,0
2,9,0.9,1,13,130,140,0
2,9,0.9,1,14,140,150,0
2,9,0.9,1,15,150,160,0
2,9,0.9,1,16,160,170,0
2,9,0.9,1,17,170,180,0
2,9,0.9,1,18,180,190,0
2,9,0.9,1,19,190,200,0
2,9,0.9,1,20,200,210,0
2,9,0.9,1,21,210,220,0
2,9,0.9,1,22,220,230,0
2,9,0.9,1,23,230,240,0
2,9,0.9,1,24,240,250,0
2,9,0.9,1,25,250,260,0
2,9,0.9,1,26,260,270,0
2,9,0.9,1,27,270,280,36
2,9,0.9,1,28,280,290,29
2,9,0.9,1,29,290,300,0
2,9,0.9,1,30,300,310,0
2,9,0.9,1,31,310,320,0
2,9,0.9,1,32,320,330,0
2,9,0.9,1,33,330,340,0
2,9,0.9,1,34,340,350,0
2,9,0.9,1,35,350,360,0
