axis,pass_number,bin_index,bin_left,bin_right,is_last_bin,sample_count,weight_total,signed_mean_deg,rms_deg,p95_abs_deg,chord_rms_px
rho,1,0,0,0.05,False,0,0,,,,
rho,1,1,0.05,0.1,False,833,75.7263073481319,-20.7076063687974,47.214969219071,65.1186822971155,23.9207642746668
rho,1,2,0.1,0.15,False,771,52.4481368357373,-9.06934531586157,30.1486522083001,40.4966046630168,20.5962822278556
rho,1,3,0.15,0.2,False,336,72.1294778749299,58.8138245432016,59.0091601355123,65.7184534115524,59.7897238714941
rho,1,4,0.2,0.25,False,351,97.5000923150908,53.4009296053908,54.0219600646328,65.7244281505027,68.7616068013748
rho,1,5,0.25,0.3,False,631,214.348127425261,-14.7587022760304,39.3815157088153,64.6068555516592,61.9395940851292
rho,1,6,0.3,0.35,False,110,36.6818462037261,-59.3330836990211,59.4098696627482,62.9442172855852,108.893326253249
rho,1,7,0.35,0.4,False,81,27.0111776591074,-47.4819315463369,47.5923442563323,52.4993868186111,102.914419430622
rho,1,8,0.4,0.45,False,74,24.6768783552339,-37.385093830866,37.4886566839928,41.7812041429996,92.7918431569029
rho,1,9,0.45,0.5,False,42,8.17841664721541,-30.4432347569006,30.5290925518636,32.3888366780734,82.989572964595
rho,1,10,0.5,0.55,False,380,21.2712914060041,-21.1895081067195,21.2865406766195,24.3810621186673,65.8803002450958
rho,1,11,0.55,0.6,False,33,13.352312046583,-12.682259636948,12.7302750443238,14.4502619382942,44.1758451157999
rho,1,12,0.6,0.65,False,52,21.0400068612822,-7.90847754864255,8.07822592478569,10.4113816645868,29.8106517186058
rho,1,13,0.65,0.7,False,51,20.6353913447191,-2.37205562870976,2.80854631279909,4.75845116111837,11.0872295978592
rho,1,14,0.7,0.75,False,51,20.6353913447191,2.50284291684597,2.87095675050461,4.68279906927351,12.627897612925
rho,1,15,0.75,0.8,False,50,20.230775828156,7.17131426481291,7.27719314758482,9.02171389768116,33.847382625595
rho,1,16,0.8,0.85,False,51,20.6353913447191,11.2282650701032,11.2901626267153,13.1194822609786,55.6893815361657
rho,1,17,0.85,0.9,False,50,20.230775828156,15.1560371837866,15.1932616157569,16.8223457336357,79.3050769817903
rho,1,18,0.9,0.95,False,50,20.230775828156,18.7289606669627,18.7547891422761,20.3242959213859,103.220774014244
rho,1,19,0.95,1,True,13,5.26000171532056,20.9981655414104,21.0002771239335,21.4869515105085,119.241477520053
rho,2,0,0,0.05,False,0,0,,,,
rho,2,1,0.05,0.1,False,802,73.3283476397705,-19.1053775137384,39.0454096362066,56.144470802276,20.3831131519189
rho,2,2,0.1,0.15,False,802,58.1609614306441,-10.5788285294774,26.819687428313,39.3572960917811,17.6615385152905
rho,2,3,0.15,0.2,False,338,74.0077655277827,56.0681489809984,56.4804929263381,64.6761565969633,58.0571830321217
rho,2,4,0.2,0.25,False,351,96.7510291314081,51.2363482410512,51.6918923440106,61.4966563925204,66.2171296795218
rho,2,5,0.25,0.3,False,625,213.213028269865,-15.0330698084095,39.385115043347,65.6497217962209,61.9326714124798
rho,2,6,0.3,0.35,False,105,34.775248470962,-59.0737446977968,59.1620386319886,63.7836659139915,108.883450979647
rho,2,7,0.35,0.4,False,84,27.8201987767696,-47.7396225167236,47.8489178450792,52.4145698510919,103.16182748713
rho,2,8,0.4,0.45,False,74,24.5082703509637,-36.4185011155951,36.5273378261413,41.0867300335246,90.6869117933867
rho,2,9,0.45,0.5,False,40,9.69951238656888,-29.6717608374498,29.72498399957,31.4723769072528,80.8741276157734
rho,2,10,0.5,0.55,False,369,21.4958292318068,-19.9614957198924,20.0911812777177,23.5410734410132,62.2495602737925
rho,2,11,0.55,0.6,False,49,13.2536098713535,-12.1038875116699,12.2026034963266,15.9753908401696,42.0944823606258
rho,2,12,0.6,0.65,False,52,21.0544161635506,-6.73440853737322,6.94994864205154,9.52806685445379,25.6169473320887
rho,2,13,0.65,0.7,False,51,20.6495235450208,-0.923371423755166,1.78452947578966,3.48412842954294,7.04555279112628
rho,2,14,0.7,0.75,False,51,20.6495235450208,4.01804310069186,4.24204088196584,6.0695995511498,18.5675115594629
rho,2,15,0.75,0.8,False,51,20.6495235450208,8.46448964833039,8.56240321783003,10.488048795233,39.7564192717054
rho,2,16,0.8,0.85,False,50,20.244630926491,12.7816367911318,12.8420939965244,14.6969996890776,63.2761091088302
rho,2,17,0.85,0.9,False,51,20.6495235450208,16.7870899500255,16.8265682190164,18.5288171514123,87.7191430499375
rho,2,18,0.9,0.95,False,47,19.0299530709015,20.6936465346248,20.7267056146693,22.4969845896238,113.949729526681
rho,2,19,0.95,1,True,18,7.28806713353676,23.4668581478786,23.4711183016063,24.2000370186245,133.445391832599
F_rho,1,0,0.0321182403716314,0.326849290421732,False,239,96.7031084585857,12.5195586645739,13.6258662862668,20.610780077484,72.4513783660796
F_rho,1,1,0.326849290421732,0.621580340471833,False,162,65.5477136832254,-5.65942279811858,7.53634178268463,13.5846797374271,26.981286108517
F_rho,1,2,0.621580340471833,0.916311390521934,False,435,33.7848353318417,-25.0195265618772,25.6054913157507,33.7390789030008,73.4175805157234
F_rho,1,3,0.916311390521934,1.21104244057204,False,126,42.0173874697226,-42.4122666503331,42.6808236127678,49.9889108403271,98.1427956800721
F_rho,1,4,1.21104244057204,1.50577349062214,False,121,40.3500308240987,-58.219553588977,58.3371492117684,62.9154660937412,108.631061648435
F_rho,1,5,1.50577349062214,1.80050454067224,False,581,199.948854631782,-19.6561559863164,39.4847788511858,64.6419987821235,62.5035730065215
F_rho,1,6,1.80050454067224,2.09523559072234,False,202,59.008348121795,44.467804536164,44.578892951963,49.4854698845713,62.5704063835727
F_rho,1,7,2.09523559072234,2.38996664077244,False,199,53.4850183068786,59.3485646464908,59.5941456454,65.8183689173183,72.9308586566606
F_rho,1,8,2.38996664077244,2.68469769082254,False,135,28.9805937890343,64.4502937915273,64.4645893418948,66.0719228547873,69.8314315433548
F_rho,1,9,2.68469769082254,2.97942874087264,False,131,28.1219095286185,55.4890887671384,55.5187268806477,59.0297786528612,54.0945502927425
F_rho,1,10,2.97942874087264,3.27415979092274,False,75,16.1003298827969,54.9234102538044,54.9727846044008,57.7613053128365,49.9301813678516
F_rho,1,11,3.27415979092274,3.56889084097284,False,214,8.67657754489172,30.3542961247711,30.3581698315558,31.2908060821286,24.9173514970004
F_rho,1,12,3.56889084097284,3.86362189102294,False,187,7.58186916305959,31.2859399142975,31.3055579579438,32.7246975922224,25.0882003015379
F_rho,1,13,3.86362189102294,4.15835294107304,False,38,3.71677898609694,-3.78911128428797,4.05174875964222,6.42979019150242,2.88851388134945
F_rho,1,14,4.15835294107304,4.45308399112315,False,98,9.58537738519737,-14.7651530911582,15.4257914980562,22.0961597399348,10.4104609474913
F_rho,1,15,4.45308399112315,4.74781504117325,False,103,10.0744272517891,-31.8915183853716,32.1587315330137,37.2306275680001,20.1919716338536
F_rho,1,16,4.74781504117325,5.04254609122335,False,172,17.0760554599363,-37.7060742609486,37.8640259652731,41.6137269079799,22.4645844351297
F_rho,1,17,5.04254609122335,5.33727714127345,False,47,5.78494697711621,-40.0542851353712,40.4729454250873,49.5061324999467,22.4647220609212
F_rho,1,18,5.33727714127345,5.63200819132355,False,492,34.5381649219437,9.99692792696111,44.1556374997167,61.763225391087,22.8670464048785
F_rho,1,19,5.63200819132355,5.92673924137365,True,253,31.1402464938383,-49.3621370281652,52.8565672824282,65.5494815165011,25.748803488448
F_rho,2,0,0.0321182403716314,0.326849290421732,False,242,97.9840136842164,14.2670080111682,15.3774658378673,23.1635480061785,81.7554882245622
F_rho,2,1,0.326849290421732,0.621580340471833,False,159,64.3779263462414,-4.24843547943412,6.66938507452227,12.6598115749178,23.9536730353653
F_rho,2,2,0.621580340471833,0.916311390521934,False,443,37.2700655725434,-24.0560944389183,24.7404277239933,32.8531338059987,70.649730582552
F_rho,2,3,0.916311390521934,1.21104244057204,False,125,41.3991053225739,-42.253532934877,42.5766817615998,50.3875342851588,97.5774889810493
F_rho,2,4,1.21104244057204,1.50577349062214,False,119,39.4119482670903,-57.8186069977668,57.9444930347328,63.3149768102071,108.462903208006
F_rho,2,5,1.50577349062214,1.80050454067224,False,550,191.782320814218,-21.6203060710552,39.805911528477,65.7240814364828,63.0247042311678
F_rho,2,6,1.80050454067224,2.09523559072234,False,238,68.5544805136775,42.4440444648842,42.6404881694018,49.0132146458117,60.036429451942
F_rho,2,7,2.09523559072234,2.38996664077244,False,179,48.1055749233999,56.7368519323337,56.8591481993642,61.6063775375303,69.917036450368
F_rho,2,8,2.38996664077244,2.68469769082254,False,158,34.5953460159458,63.1113866619163,63.1230031362573,64.8260102995848,68.8361629054125
F_rho,2,9,2.68469769082254,2.97942874087264,False,96,21.0199570729797,53.2723070483634,53.3484953684727,58.6522974965079,52.6624404543783
F_rho,2,10,2.97942874087264,3.27415979092274,False,97,21.2389149591566,48.0506793981173,48.0716567215759,49.5420429527128,43.9774994855147
F_rho,2,11,3.27415979092274,3.56889084097284,False,143,5.85289701965942,24.7395663616091,24.7636447529494,26.6901434907416,20.4686771113634
F_rho,2,12,3.56889084097284,3.86362189102294,False,258,10.5597722452596,20.7289810493165,20.7455459965487,22.0290166890558,16.5840453314872
F_rho,2,13,3.86362189102294,4.15835294107304,False,97,10.0987140650258,-0.0291317030588167,4.4040629334081,8.0694915461761,3.23685044749398
F_rho,2,14,4.15835294107304,4.45308399112315,False,82,8.53705725084651,-15.7933552903666,16.7054135855022,23.8567545050714,11.2471241913329
F_rho,2,15,4.45308399112315,4.74781504117325,False,106,11.0357081535333,-34.2778149705862,34.5319170045001,38.9660277867033,21.6164383963853
F_rho,2,16,4.74781504117325,5.04254609122335,False,136,14.5357658139935,-37.4889996963194,37.5807320902808,40.3362198855736,22.4304635590755
F_rho,2,17,5.04254609122335,5.33727714127345,False,82,10.0817077824636,-38.5525266621862,38.7190134413031,45.0605827546818,21.6601244073633
F_rho,2,18,5.33727714127345,5.63200819132355,False,531,40.0095328952873,-1.47659926908276,36.6873526838184,54.1368917322555,19.1663831354293
F_rho,2,19,5.63200819132355,5.92673924137365,True,169,20.7781538443456,-42.0559234105812,44.018850291272,56.8747400266635,22.1219013426018
phase,1,0,0,0.174532925199433,False,122,25.8368367374176,-57.8350417546113,58.6974141320978,64.8939085053168,94.875110512093
phase,1,1,0.174532925199433,0.349065850398866,False,113,23.3069174869075,-57.5789322625883,58.7221643332316,64.9397803719463,89.669317703405
phase,1,2,0.349065850398866,0.523598775598299,False,63,14.6458371280874,-56.868590403358,57.6448467930181,62.8977294186597,87.3085576498901
phase,1,3,0.523598775598299,0.698131700797732,False,66,16.0129320485271,-48.6004173461306,49.5499749102766,55.3073196490243,72.8129587124051
phase,1,4,0.698131700797732,0.872664625997165,False,92,21.7655650219144,-47.7878902315981,47.9384253133948,55.3394660071947,63.8732098576036
phase,1,5,0.872664625997165,1.0471975511966,False,88,21.0411882417649,-43.2649416478277,44.4779351953455,61.7197484006135,52.5764757039545
phase,1,6,1.0471975511966,1.22173047639603,False,88,21.2732291089683,-35.0861757588722,38.4323263275115,63.4382071996549,39.2369070609452
phase,1,7,1.22173047639603,1.39626340159546,False,87,21.1501451307318,-27.7925084001533,34.7114919376968,64.9677709924617,27.1656703424344
phase,1,8,1.39626340159546,1.5707963267949,False,85,20.6719363070553,-22.0947040616123,33.0752135367527,65.6644104852494,19.2793970861559
phase,1,9,1.5707963267949,1.74532925199433,False,85,20.6719363070553,-13.4277494924731,28.9086770172956,63.2502691821564,14.5186365965261
phase,1,10,1.74532925199433,1.91986217719376,False,86,21.0270611524953,0.607259007952913,23.2761197480898,44.1037719257203,21.7689146946689
phase,1,11,1.91986217719376,2.0943951023932,False,87,21.1501451307318,13.931603523912,24.5335444450732,29.5762302906145,35.4307318087218
phase,1,12,2.0943951023932,2.26892802759263,False,62,14.0084926911759,25.6337387157872,29.9216084251681,37.3860468425679,46.6875685904219
phase,1,13,2.26892802759263,2.44346095279206,False,138,20.6631670679443,35.2029711078436,35.8924063826656,40.6344665584417,52.3796051593399
phase,1,14,2.44346095279206,2.61799387799149,False,146,20.8948313359841,38.5513491202645,39.0347273046954,42.3510473322628,53.529804965308
phase,1,15,2.61799387799149,2.79252680319093,False,142,19.9602714187375,42.8098521693979,42.845959432736,45.2724275702668,53.1676937461004
phase,1,16,2.79252680319093,2.96705972839036,False,139,19.3178320367474,47.3654070189479,47.3781308921174,49.4300070751781,56.3031005189324
phase,1,17,2.96705972839036,3.14159265358979,False,89,16.4079164628794,50.1010534746602,50.1162637775694,53.0277889377608,61.4790369165116
phase,1,18,3.14159265358979,3.31612557878923,False,46,13.4375446217949,53.6282141930436,53.6393697161344,55.4335054086457,68.5622785718964
phase,1,19,3.31612557878923,3.49065850398866,False,44,12.8533035512821,58.6970780338674,58.7303252646489,61.6181211447537,73.0107301833157
phase,1,20,3.49065850398866,3.66519142918809,False,34,9.93209819871797,64.5129866177187,64.5246686990851,65.899695911265,78.5312691813274
phase,1,21,3.66519142918809,3.83972435438753,False,45,9.66019792967811,64.8305055724717,64.8336539081158,65.9616744658538,75.2244194818648
phase,1,22,3.83972435438753,4.01425727958696,False,57,12.2362507109256,65.6770282214497,65.6776046109934,66.2114180704951,73.795391504477
phase,1,23,4.01425727958696,4.18879020478639,False,54,11.5922375156137,64.6288612794316,64.6320479842286,65.4770029445529,69.8601979934866
phase,1,24,4.18879020478639,4.36332312998582,False,54,11.5922375156137,61.7437441857762,61.7793658517026,64.0802113644104,64.1246154977971
phase,1,25,4.36332312998582,4.53785605518526,False,49,10.5188821900939,54.7168036685193,54.7310352815186,57.094192204548,54.1792083883097
phase,1,26,4.53785605518526,4.71238898038469,False,47,10.089540059886,54.4652148908008,54.4706678467606,55.8798690511404,52.1213169128922
phase,1,27,4.71238898038469,4.88692190558412,False,46,9.87486899478207,57.2645940182771,57.266283357348,57.7975179270064,53.3487243397097
phase,1,28,4.88692190558412,5.06145483078356,False,45,9.66019792967811,53.9675835892701,53.9957844257008,56.3259690040116,48.5586014820784
phase,1,29,5.06145483078356,5.23598775598299,False,67,3.41300381802414,35.1143092508481,36.2184154573627,50.6300655094379,30.9067306094117
phase,1,30,5.23598775598299,5.41052068118242,False,436,101.777859077028,14.2998990926909,15.8924718868286,30.2963919332201,70.943521913295
phase,1,31,5.41052068118242,5.58505360638185,False,298,72.1540126323101,-2.25477943707633,10.9730991895788,31.3964090519313,25.4877827076545
phase,1,32,5.58505360638185,5.75958653158129,False,448,28.577906603785,-18.4069688702363,19.5064320045684,24.7343444074992,60.2111973083697
phase,1,33,5.75958653158129,5.93411945678072,False,176,41.4876749520915,-32.5836482624216,33.9347657768156,42.319449363842,83.4580057860129
phase,1,34,5.93411945678072,6.10865238198015,False,154,34.8582897787656,-44.2975048470319,45.3595914367484,53.9577972403596,93.4733389651311
phase,1,35,6.10865238198015,6.28318530717959,True,132,28.7002273170526,-53.5805666782029,54.4546910185104,61.5048488581716,96.9838997391818
phase,2,0,0,0.174532925199433,False,119,25.7870049689718,-57.7042264545291,58.7070569599899,65.0210843898448,95.5106734906698
phase,2,1,0.174532925199433,0.349065850398866,False,112,23.6957374592097,-58.830769694553,59.9765141635531,66.0329372793629,91.2588641689825
phase,2,2,0.349065850398866,0.523598775598299,False,58,12.850877997219,-58.2927463497049,59.3951701845358,65.166225609627,88.4312688721304
phase,2,3,0.523598775598299,0.698131700797732,False,54,15.1319088813271,-52.2313655133311,52.9120775243033,58.0612236169449,79.4635405486478
phase,2,4,0.698131700797732,0.872664625997165,False,91,21.5682466964923,-44.7951078080384,45.2047302125354,52.4540306841875,64.4929439662318
phase,2,5,0.872664625997165,1.0471975511966,False,91,21.5682466964923,-40.0512589078961,40.2358451750002,48.0588515608715,53.1305707965394
phase,2,6,1.0471975511966,1.22173047639603,False,90,21.6812083590421,-32.0419545376467,33.8798049147095,50.2496499061864,38.3448111464114
phase,2,7,1.22173047639603,1.39626340159546,False,88,21.4353130472747,-23.4835524436276,29.0443303182897,54.0917204928718,23.9752793795523
phase,2,8,1.39626340159546,1.5707963267949,False,88,21.4353130472747,-17.0653403410686,28.0852898007239,56.7673927154928,15.7161453967575
phase,2,9,1.5707963267949,1.74532925199433,False,87,21.312365391391,-7.38712223861958,26.1617025423289,55.3951593709114,16.4067578767885
phase,2,10,1.74532925199433,1.91986217719376,False,87,21.312365391391,2.16001563839734,23.5007201667712,41.9724700092889,23.8053503012131
phase,2,11,1.91986217719376,2.0943951023932,False,88,21.4353130472747,11.9871950904233,24.696639485931,32.2539682278867,34.2860663548506
phase,2,12,2.0943951023932,2.26892802759263,False,64,12.2156252098669,18.3826329826336,25.8085818352606,32.7215485600661,39.4306166149506
phase,2,13,2.26892802759263,2.44346095279206,False,144,20.9468227863793,28.7002097917769,30.7507648384291,37.7867230828825,45.9715401345237
phase,2,14,2.44346095279206,2.61799387799149,False,141,20.5389466427252,33.0870592418513,35.0410485836935,41.2585262064012,50.6326515183276
phase,2,15,2.61799387799149,2.79252680319093,False,140,20.0227746251229,38.5360000845144,39.2896230308904,44.0315448204229,52.8475787493008
phase,2,16,2.79252680319093,2.96705972839036,False,139,19.7347305893511,43.6609274584328,43.7743942310042,45.756653697002,53.7768577951754
phase,2,17,2.96705972839036,3.14159265358979,False,85,15.8148797310366,48.7714364004499,48.8408580902162,54.9618923740845,59.7918529251872
phase,2,18,3.14159265358979,3.31612557878923,False,47,13.5380696812724,51.8790019124815,51.8940504659934,54.066239598737,66.7225774574208
phase,2,19,3.31612557878923,3.49065850398866,False,45,12.9619816097289,56.3920486890568,56.4088110233715,58.8557415247067,70.4823950658986
phase,2,20,3.49065850398866,3.66519142918809,False,35,10.0815412520114,60.5889392460386,60.5980343656107,61.7672681667019,73.8607258707458
phase,2,21,3.66519142918809,3.83972435438753,False,47,10.291020650313,59.9200353420323,59.921849001968,60.4093155135771,69.6193833741078
phase,2,22,3.83972435438753,4.01425727958696,False,55,12.042683739728,62.0794025852799,62.0835805857765,62.7687903037541,70.0172958740052
phase,2,23,4.01425727958696,4.18879020478639,False,53,11.6047679673742,64.3563437005676,64.3583877417025,64.951171826678,70.3116405091364
phase,2,24,4.18879020478639,4.36332312998582,False,53,11.6047679673742,62.7880609113509,62.7976513077239,64.0782635317587,66.072789166722
phase,2,25,4.36332312998582,4.53785605518526,False,50,10.9478943088436,55.5226614471668,55.5580414330227,59.125363340122,55.8112392867351
phase,2,26,4.53785605518526,4.71238898038469,False,46,10.0720627641361,50.8262696583596,50.8380099117054,52.3131640309511,49.010915240913
phase,2,27,4.71238898038469,4.88692190558412,False,45,9.85310487795924,49.1752002516759,49.1757977801542,49.6230187126664,45.8084308620002
phase,2,28,4.88692190558412,5.06145483078356,False,43,9.4151891056055,47.5003388393664,47.5107121141992,48.5763043898001,42.8502523729234
phase,2,29,5.06145483078356,5.23598775598299,False,57,3.9352297654076,35.4900551591403,36.7635154857432,45.1036966215193,31.9916667869118
phase,2,30,5.23598775598299,5.41052068118242,False,439,102.771426173741,15.3041335328537,16.3458905637392,23.6825260675315,79.9186118673473
phase,2,31,5.41052068118242,5.58505360638185,False,314,73.6336817132907,-1.76716613293708,8.49739245542173,20.0645266111896,23.0294997277108
phase,2,32,5.58505360638185,5.75958653158129,False,454,29.1786024251764,-15.5025878335873,18.1276766999919,23.6887135176201,55.8831795303216
phase,2,33,5.75958653158129,5.93411945678072,False,177,42.4982835673244,-30.0061913653176,32.2073545701591,41.4300329014824,80.7567309689091
phase,2,34,5.93411945678072,6.10865238198015,False,152,34.8997096677155,-42.6889882774629,44.3005823059484,52.8993864543476,92.7869018130021
phase,2,35,6.10865238198015,6.28318530717959,True,132,29.4112647576136,-52.3730148573401,53.3908873012039,60.9967293043948,96.4125554508207
source_order_q,1,0,0,0.05,False,201,11.6978606069491,47.4502604353015,47.5877877148023,53.5609951464463,24.6770421382142
source_order_q,1,1,0.05,0.1,False,200,11.6396622954717,27.4956863184137,28.1398786607802,38.3716182042006,14.9093678417724
source_order_q,1,2,0.1,0.15,False,201,24.7398796255395,-40.3636715421112,46.5378512644087,65.6123790431349,22.4864282412367
source_order_q,1,3,0.15,0.2,False,200,24.616795647303,-54.1426376092675,55.3444646398177,64.82514102491,28.2924383397662
source_order_q,1,4,0.2,0.25,False,201,19.6598046369864,-38.1121858699311,38.1493669312883,41.5042875064258,22.8017332695944
source_order_q,1,5,0.25,0.3,False,200,19.5619946636681,-17.3180919253239,19.9115626763381,32.5736158394888,12.9366035682161
source_order_q,1,6,0.3,0.35,False,201,8.14949573141699,31.2677558390643,31.2860972857995,32.7096412784286,25.0939121702186
source_order_q,1,7,0.35,0.4,False,200,8.10895097653432,30.3073560551137,30.3109432009976,31.2908060821286,24.8995642855086
source_order_q,1,8,0.4,0.45,False,201,43.1488840858956,55.170312488952,55.2040011389763,57.7975179270064,52.3845783579361
source_order_q,1,9,0.45,0.5,False,200,42.9342130207916,64.5060047046036,64.5215552926467,66.0062555116914,71.2552431832849
source_order_q,1,10,0.5,0.55,False,200,58.4241070512822,54.8235736989216,55.1371443709429,65.7147218919938,70.1509565986449
source_order_q,1,11,0.55,0.6,False,201,58.7162275865386,41.1204892338044,41.2233523324895,46.1621136875449,60.379852988258
source_order_q,1,12,0.6,0.65,False,200,71.0249690879918,7.86004080002776,16.2716469270444,29.7487774049962,25.8066179287189
source_order_q,1,13,0.65,0.7,False,201,71.3800939334318,-36.5624699242475,38.8164081056645,54.5319323941868,60.0834438581901
source_order_q,1,14,0.7,0.75,False,200,66.6942658249566,-62.2107735879704,62.2514499863945,64.8939085053168,105.025901357925
source_order_q,1,15,0.75,0.8,False,201,67.0277371540814,-43.0053563867254,43.6845046384543,55.3019442876732,98.1703888935521
source_order_q,1,16,0.8,0.85,False,200,11.1954165294759,-23.2568400929153,23.2842147693531,25.1123407138003,70.2964432750326
source_order_q,1,17,0.85,0.9,False,201,11.2513936121232,-19.539846556348,19.5690204758162,21.214678586255,62.1393253928401
source_order_q,1,18,0.9,0.95,False,200,80.923103312624,-3.75592234505892,7.05812056137046,13.3380140765448,25.803103988464
source_order_q,1,19,0.95,1,True,201,81.3277188291871,14.0623507291032,14.7299678926595,20.6823987549646,78.5228567291744
source_order_q,2,0,0,0.05,False,201,12.0431268421736,38.0292662700951,39.3358410681951,55.8568754301656,20.6038631899865
source_order_q,2,1,0.05,0.1,False,200,11.9832107882324,12.3806815016886,12.8754336355445,19.7797009076496,6.82220078801411
source_order_q,2,2,0.1,0.15,False,201,24.7124788326241,-37.340883084402,41.179964421298,56.7990744533682,20.7074717660827
source_order_q,2,3,0.15,0.2,False,200,24.5895311767404,-44.105418970729,44.7600360995775,53.966472301787,24.0298826160927
source_order_q,2,4,0.2,0.25,False,201,20.9262013100018,-37.4198031443441,37.500013378009,40.156750297829,22.8074069718209
source_order_q,2,5,0.25,0.3,False,200,20.8220908557232,-9.40885134183891,14.3261970487699,27.848596886691,9.55337814021882
source_order_q,2,6,0.3,0.35,False,201,8.22679930735345,20.4307881596265,20.4418467597743,21.8332790359221,16.2656422669619
source_order_q,2,7,0.35,0.4,False,200,8.18586995756562,23.8962334017442,23.9519102288012,26.5213196765403,19.7093041202005
source_order_q,2,8,0.4,0.45,False,201,44.0105351215513,51.0493606237663,51.198976131661,59.125363340122,49.1362517150642
source_order_q,2,9,0.45,0.5,False,200,43.7915772353744,62.4169907029042,62.4409025197584,64.755124674247,69.259724218331
source_order_q,2,10,0.5,0.55,False,200,57.6088071543508,52.6400486422829,52.9054997837284,61.5827887216682,67.5246058033848
source_order_q,2,11,0.55,0.6,False,201,57.8968511901226,39.2180939661314,39.439431563623,44.6623440247186,57.4979196820458
source_order_q,2,12,0.6,0.65,False,200,71.7713948634468,9.73321971348321,15.5477361384592,28.114499443922,24.8714604822583
source_order_q,2,13,0.65,0.7,False,201,72.130251837764,-37.2304632324444,39.8518031007249,56.6966536431645,61.725341180949
source_order_q,2,14,0.7,0.75,False,200,66.2385685161182,-62.8531035878604,62.9308757922729,65.9803140796354,106.635802947869
source_order_q,2,15,0.75,0.8,False,201,66.5697613586988,-41.7020746671802,42.4486469212569,53.6081822370293,96.3628633916549
source_order_q,2,16,0.8,0.85,False,200,11.6508559521988,-22.0548026611022,22.0912676101478,24.0585502934417,66.9391736104885
source_order_q,2,17,0.85,0.9,False,201,11.7091102319598,-17.776356593791,17.8161331633033,19.7164252543966,56.9705530235637
source_order_q,2,18,0.9,0.95,False,200,80.978523705964,-2.16898860696977,6.53370862724267,12.4309368408304,24.5439229290448
source_order_q,2,19,0.95,1,True,201,81.3834163244938,15.9746886510778,16.6556346724975,23.336704447079,88.8922492737656
