candidate_id,rank,layer_a,segment_a,layer_b,segment_b,candidate_kind,panel_x,panel_y,distance_px,crossing_angle_deg,piece_index_a,piece_index_b,fraction_a,fraction_b,status,confidence,event_id,over_layer,over_segment,under_layer,under_segment,visibility,reason_code,notes,reviewed_utc
XING_G_S03_B_S04,1,green,3,blue,4,near_crossing,121.43887000937437,116.59685944985601,1.476214665919814,71.16702560234758,0,8,0.0,0.7859973226565401,crossing,high,E01,blue,4,green,3,visible,source_crossing,Green S03 passes under blue S04 at a clear visible crossing.,2026-07-29T07:20:26+00:00
XING_G_S05_B_S04,2,green,5,blue,4,near_crossing,112.01880658721237,93.78885019355623,1.5030657200066668,68.72947272348115,0,3,0.0,0.1825697908151412,crossing,high,E02,blue,4,green,5,visible,source_crossing,Green S05 passes under blue S04 at a clear visible crossing.,2026-07-29T07:20:26+00:00
XING_R_S04_B_S03,3,red,4,blue,3,near_crossing,115.48578722902423,70.90643914064754,1.7489698823678386,14.656513361111903,1,6,1.0,0.3153300446007019,crossing,high,E03,blue,3,red,4,visible,source_crossing,Red S04 passes under blue S03 at a clear visible crossing.,2026-07-29T07:20:26+00:00
XING_R_S04_G_S06,4,red,4,green,6,near_crossing,113.09571254588926,75.45092706735764,2.0105551204196317,45.30074403228506,0,3,0.0,0.34125334368262644,crossing,high,E04,green,6,red,4,visible,source_crossing,Red S04 passes under green S06 at a clear visible crossing.,2026-07-29T07:20:26+00:00
XING_R_S03_G_S07,5,red,3,green,7,near_crossing,116.9592983599031,59.90812348013487,2.087778591841135,25.561244042373296,8,0,0.2399891298798261,0.0,crossing,high,E05,red,3,green,7,visible,source_crossing,Green S07 passes under red S03 at a clear visible crossing.,2026-07-29T07:20:26+00:00
XING_G_S07_B_S03,6,green,7,blue,3,near_crossing,113.30445419320641,64.05005950654272,2.108029864609302,77.27432740725096,1,4,1.0,0.16833112235692624,crossing,high,E06,blue,3,green,7,visible,source_crossing,Green S07 passes under blue S03 at a clear visible crossing.,2026-07-29T07:20:26+00:00
XING_R_S06_G_S04,7,red,6,green,4,near_crossing,110.13203545886618,109.36567067122994,2.3025205184822752,78.08967476590354,0,9,0.0,0.7081008609353291,crossing,high,E07,green,4,red,6,visible,source_crossing,Red S06 passes under green S04 at a clear visible crossing.,2026-07-29T07:20:26+00:00
XING_R_S07_B_S05,8,red,7,blue,5,near_crossing,107.07874558877319,126.35847647024956,2.3028076168261107,81.02816638681857,4,1,0.38237047266151064,1.0,crossing,high,E08,red,7,blue,5,visible,source_crossing,Blue S05 passes under red S07 at a clear visible crossing.,2026-07-29T07:20:26+00:00
XING_R_S03_B_S03,9,red,3,blue,3,near_crossing,115.75216799998873,66.14348314315419,2.330293327053016,41.49678434674472,9,5,1.0,0.05713646530954808,crossing,high,E09,blue,3,red,3,visible,source_crossing,Red S03 passes under blue S03 at a clear visible crossing.,2026-07-29T07:20:26+00:00
XING_R_S05_G_S05,10,red,5,green,5,near_crossing,115.05745,90.69845000000001,2.427341232707096,52.76516601842548,2,1,0.0,1.0,crossing,high,E10,red,5,green,5,visible,source_crossing,Green S05 passes under red S05 at a clear visible crossing.,2026-07-29T07:20:26+00:00
XING_G_S08_B_S02,11,green,8,blue,2,near_crossing,117.44560833304901,46.08274722208007,2.456292539894867,84.80963302459092,2,1,0.7777806212394994,1.0,crossing,high,E11,green,8,blue,2,visible,source_crossing,Blue S02 passes under green S08 at a clear visible crossing.,2026-07-29T07:20:26+00:00
XING_G_S08_B_S01,12,green,8,blue,1,near_crossing,96.71128428649106,27.261438365716348,2.4807232638128354,44.330478231664515,10,10,1.0,0.7939862867607896,unreviewed,,,,,,,,,,
XING_R_S01_G_S10,13,red,1,green,10,near_crossing,131.30381633277034,26.59830462280444,2.4956694087277063,32.649148598357016,10,0,0.5099458572495922,0.0,unreviewed,,,,,,,,,,
XING_R_S03_B_S02,14,red,3,blue,2,near_crossing,113.3078240736927,50.1635830225315,2.7283325403772665,73.92660783812984,5,0,0.14482289802487033,0.0,unreviewed,,,,,,,,,,
XING_R_S02_B_S01,15,red,2,blue,1,near_crossing,112.42276481350648,28.44764145012875,2.7298699937990496,29.707362512150368,0,12,0.0,0.9091505299470243,unreviewed,,,,,,,,,,
XING_G_S04_B_S04,16,green,4,blue,4,near_crossing,123.52465,117.83695,2.822392307954369,71.9345758473953,0,9,0.0,0.0,unreviewed,,,,,,,,,,
XING_G_S06_B_S03,17,green,6,blue,3,near_crossing,114.94455304022993,77.37674671991354,2.996131199584841,48.96423421006829,2,7,0.5599764173695702,1.0,unreviewed,,,,,,,,,,
XING_R_S07_G_S02,18,red,7,green,2,near_crossing,103.99955070095342,118.87735528308144,3.0378729354684153,31.42648174901,1,0,0.7865131030782374,0.0,unreviewed,,,,,,,,,,
XING_R_S05_B_S04,19,red,5,blue,4,near_crossing,116.72104257786489,99.91696138046386,3.244900762524169,28.427668917671262,4,4,1.0,0.9325588004282686,unreviewed,,,,,,,,,,
XING_R_S06_B_S04,20,red,6,blue,4,near_crossing,115.86281758209637,104.9007795108561,3.4107473315133094,76.33081422498373,1,5,1.0,0.6013735900094489,unreviewed,,,,,,,,,,
XING_R_S01_G_S09,21,red,1,green,9,near_crossing,123.6332,24.1548,3.5343469552379827,23.813346226304024,11,6,1.0,1.0,unreviewed,,,,,,,,,,
XING_G_S02_G_S04,22,green,2,green,4,near_crossing,110.77930847644384,116.89485700653084,3.5795213154928294,88.80659987864792,1,8,1.0,0.14098712441839015,unreviewed,,,,,,,,,,
XING_G_S06_B_S04,23,green,6,blue,4,near_crossing,113.45081257128193,81.0805665715301,3.6895645507193553,61.261380964855896,1,0,0.8285793245401579,0.0,unreviewed,,,,,,,,,,
XING_R_S01_B_S01,24,red,1,blue,1,near_crossing,123.5234793429986,27.69564288250742,3.7114962329996826,20.281207115788117,11,14,1.0,0.5168689642790292,unreviewed,,,,,,,,,,
XING_R_S03_G_S08,25,red,3,green,8,near_crossing,102.52998983865854,34.593978409343975,3.724308966678891,59.786502954989004,0,8,0.0,0.36687533976237124,unreviewed,,,,,,,,,,
XING_R_S02_G_S08,26,red,2,green,8,near_crossing,106.61769573011503,32.927627076597986,3.7743240312283226,64.31423123718947,1,7,1.0,0.5622417916439296,unreviewed,,,,,,,,,,
XING_G_S09_B_S01,27,green,9,blue,1,near_crossing,95.9055934775306,24.136538082431464,3.886516350534203,18.155660800661146,0,10,0.0,0.7227450255444137,unreviewed,,,,,,,,,,
XING_R_S07_G_S04,28,red,7,green,4,near_crossing,108.11876429463139,112.24490252744398,3.950435316685927,69.8851999355764,0,9,0.0,0.32434565544381333,unreviewed,,,,,,,,,,
XING_R_S07_G_S01,29,red,7,green,1,near_crossing,100.51115,122.939,4.096319407712255,84.61107623718742,3,14,0.0,1.0,unreviewed,,,,,,,,,,
XING_G_S04_B_S05,30,green,4,blue,5,near_crossing,113.94847055620056,121.82339093488278,4.341472008069098,70.55888249304823,7,0,0.015383743246871326,0.0,unreviewed,,,,,,,,,,
XING_R_S07_B_S06,31,red,7,blue,6,near_crossing,103.225,127.28115,4.454660908531664,87.27458460585079,4,0,0.0,0.0,unreviewed,,,,,,,,,,
XING_G_S10_B_S01,32,green,10,blue,1,near_crossing,129.44084285699597,29.745319642005278,5.373130178652617,14.034524787351817,0,15,0.0,0.4642998137886335,unreviewed,,,,,,,,,,
XING_G_S01_B_S06,33,green,1,blue,6,near_crossing,100.18549999999999,126.4127,5.54796707993118,19.424709476173643,14,0,1.0,0.0,unreviewed,,,,,,,,,,
